nodes,techs,parameters,timesteps,2050/01/01 00:00
geothermie_delft,supply_geothermal,source_use_max,,100000.0
warmtenet1,heat_main,sink_use_equals,,0.0
warmtenet2,heat_main,sink_use_equals,,0.0
warmtenet3,heat_main,sink_use_equals,,0.0
warmtenet4,heat_main,sink_use_equals,,0.0
warmtenet5,heat_main,sink_use_equals,,0.0
warmtenet6,heat_main,sink_use_equals,,0.0
warmtenet7,heat_main,sink_use_equals,,0.0
warmtenet8,heat_main,sink_use_equals,,0.0
warmtenet9,heat_main,sink_use_equals,,0.0
warmtenet10,heat_main,sink_use_equals,,0.0
warmtenet11,heat_main,sink_use_equals,,0.0
warmtenet12,heat_main,sink_use_equals,,0.0
warmtenet13,heat_main,sink_use_equals,,0.0
warmtenet14,heat_main,sink_use_equals,,0.0
warmtenet15,heat_main,sink_use_equals,,0.0
MV_LV_transformer1,supply_LV_electricity,source_use_max,,100000.0
MV_LV_transformer2,supply_LV_electricity,source_use_max,,100000.0
MV_LV_transformer3,supply_LV_electricity,source_use_max,,100000.0
MV_LV_transformer4,supply_LV_electricity,source_use_max,,100000.0
MV_LV_transformer5,supply_LV_electricity,source_use_max,,100000.0
MV_LV_transformer6,supply_LV_electricity,source_use_max,,100000.0
D0503100000000168,demand_LQ_heat,sink_use_equals,,438.6458217385458
D0503100000001498,demand_LQ_heat,sink_use_equals,,4.353008769672084
D0503100000001499,demand_LQ_heat,sink_use_equals,,351.3240501248205
D0503100000011458,demand_LQ_heat,sink_use_equals,,3.892157948194255
D0503100000011549,demand_LQ_heat,sink_use_equals,,3.170073690808656
D0503100000011550,demand_LQ_heat,sink_use_equals,,3.323732744785895
D0503100000011552,demand_LQ_heat,sink_use_equals,,215.6257706871166
D0503100000011553,demand_LQ_heat,sink_use_equals,,3.2643784712618
D0503100000011554,demand_LQ_heat,sink_use_equals,,3.321230482832028
D0503100000025533,demand_LQ_heat,sink_use_equals,,4825.17483284696
D0503100000027952,demand_LQ_heat,sink_use_equals,,2.783608426170369
D0503100000030049,demand_LQ_heat,sink_use_equals,,22.52731788930725
D0503100000030050,demand_LQ_heat,sink_use_equals,,1.4818285997919527
D0503100000030051,demand_LQ_heat,sink_use_equals,,1.5008281823032583
D0503100000030052,demand_LQ_heat,sink_use_equals,,10.680243610662504
D0503100000031080,demand_LQ_heat,sink_use_equals,,3.307350176133685
D0503100000031377,demand_LQ_heat,sink_use_equals,,1.9983047481711205
D0503100000031378,demand_LQ_heat,sink_use_equals,,1.9304872074388155
D0503100000031379,demand_LQ_heat,sink_use_equals,,1.650624266697762
D0503100000031380,demand_LQ_heat,sink_use_equals,,1.9554207950743805
D0503100000031381,demand_LQ_heat,sink_use_equals,,1.90421146913795
D0503100000031382,demand_LQ_heat,sink_use_equals,,1.5110604083831085
D0503100000031383,demand_LQ_heat,sink_use_equals,,1.963321470893458
D0503100000032908,demand_LQ_heat,sink_use_equals,,9.199393236402049
D0503100000033567,demand_LQ_heat,sink_use_equals,,25.642014734185828
D0503100000033568,demand_LQ_heat,sink_use_equals,,2.215073296593085
D0503100000033569,demand_LQ_heat,sink_use_equals,,1.531639609069804
D0503100000033570,demand_LQ_heat,sink_use_equals,,1.519859003450954
D0503100000033571,demand_LQ_heat,sink_use_equals,,1.5285579370816282
D0503100000033572,demand_LQ_heat,sink_use_equals,,1.5115992500320945
D0503100000033573,demand_LQ_heat,sink_use_equals,,2.4780617198823056
D0503100000033574,demand_LQ_heat,sink_use_equals,,1.5442498181837725
D0503100000033575,demand_LQ_heat,sink_use_equals,,1.8262221826015708
D0503100000034895,demand_LQ_heat,sink_use_equals,,154.57530093414536
D0503100000035282,demand_LQ_heat,sink_use_equals,,128.76781265791416
D0503100000035763,demand_LQ_heat,sink_use_equals,,176.7984090639251
LVEtransmission1,demand_electricity,sink_use_equals,,0.0
LVEtransmission2,demand_electricity,sink_use_equals,,0.0
LVEtransmission3,demand_electricity,sink_use_equals,,0.0
LVEtransmission4,demand_electricity,sink_use_equals,,0.0
LVEtransmission5,demand_electricity,sink_use_equals,,0.0
LVEtransmission6,demand_electricity,sink_use_equals,,0.0
LVEtransmission7,demand_electricity,sink_use_equals,,0.0
LVEtransmission8,demand_electricity,sink_use_equals,,0.0
LVEtransmission9,demand_electricity,sink_use_equals,,0.0
LVEtransmission10,demand_electricity,sink_use_equals,,0.0
LVEtransmission11,demand_electricity,sink_use_equals,,0.0
LVEtransmission12,demand_electricity,sink_use_equals,,0.0
LVEtransmission13,demand_electricity,sink_use_equals,,0.0
LVEtransmission14,demand_electricity,sink_use_equals,,0.0
LVEtransmission15,demand_electricity,sink_use_equals,,0.0
LVEtransmission16,demand_electricity,sink_use_equals,,0.0
LVEtransmission17,demand_electricity,sink_use_equals,,0.0
LVEtransmission18,demand_electricity,sink_use_equals,,0.0
LVEtransmission19,demand_electricity,sink_use_equals,,0.0
LVEtransmission20,demand_electricity,sink_use_equals,,0.0
LVEtransmission21,demand_electricity,sink_use_equals,,0.0
LVEtransmission22,demand_electricity,sink_use_equals,,0.0
LVEtransmission23,demand_electricity,sink_use_equals,,0.0
LVEtransmission24,demand_electricity,sink_use_equals,,0.0
LVEtransmission25,demand_electricity,sink_use_equals,,0.0
LVEtransmission26,demand_electricity,sink_use_equals,,0.0
LVEtransmission27,demand_electricity,sink_use_equals,,0.0
LVEtransmission28,demand_electricity,sink_use_equals,,0.0
LVEtransmission29,demand_electricity,sink_use_equals,,0.0
LVEtransmission30,demand_electricity,sink_use_equals,,0.0
LVEtransmission31,demand_electricity,sink_use_equals,,0.0
LVEtransmission32,demand_electricity,sink_use_equals,,0.0
LVEtransmission33,demand_electricity,sink_use_equals,,0.0
LVEtransmission34,demand_electricity,sink_use_equals,,0.0
LVEtransmission35,demand_electricity,sink_use_equals,,0.0
LVEtransmission36,demand_electricity,sink_use_equals,,0.0
LVEtransmission37,demand_electricity,sink_use_equals,,0.0
LVEtransmission38,demand_electricity,sink_use_equals,,0.0
LVEtransmission39,demand_electricity,sink_use_equals,,0.0
LVEtransmission40,demand_electricity,sink_use_equals,,0.0
LVEtransmission41,demand_electricity,sink_use_equals,,0.0
LVEtransmission42,demand_electricity,sink_use_equals,,0.0
LVEtransmission43,demand_electricity,sink_use_equals,,0.0
LVEtransmission44,demand_electricity,sink_use_equals,,0.0
LVEtransmission45,demand_electricity,sink_use_equals,,0.0
LVEtransmission46,demand_electricity,sink_use_equals,,0.0
LVEtransmission47,demand_electricity,sink_use_equals,,0.0
LVEtransmission48,demand_electricity,sink_use_equals,,0.0
LVEtransmission49,demand_electricity,sink_use_equals,,0.0
LVEtransmission50,demand_electricity,sink_use_equals,,0.0
LVEtransmission51,demand_electricity,sink_use_equals,,0.0
LVEtransmission52,demand_electricity,sink_use_equals,,0.0
LVEtransmission53,demand_electricity,sink_use_equals,,0.0
LVEtransmission54,demand_electricity,sink_use_equals,,0.0
LVEtransmission55,demand_electricity,sink_use_equals,,0.0
LVEtransmission56,demand_electricity,sink_use_equals,,0.0
LVEtransmission57,demand_electricity,sink_use_equals,,0.0
LVEtransmission58,demand_electricity,sink_use_equals,,0.0
LVEtransmission59,demand_electricity,sink_use_equals,,0.0
LVEtransmission60,demand_electricity,sink_use_equals,,0.0
LVEtransmission61,demand_electricity,sink_use_equals,,0.0
LVEtransmission62,demand_electricity,sink_use_equals,,0.0
LVEtransmission63,demand_electricity,sink_use_equals,,0.0
LVEtransmission64,demand_electricity,sink_use_equals,,0.0
LVEtransmission65,demand_electricity,sink_use_equals,,0.0
LVEtransmission66,demand_electricity,sink_use_equals,,0.0
LVEtransmission67,demand_electricity,sink_use_equals,,0.0
LVEtransmission68,demand_electricity,sink_use_equals,,0.0
LVEtransmission69,demand_electricity,sink_use_equals,,0.0
LVEtransmission70,demand_electricity,sink_use_equals,,0.0
LVEtransmission71,demand_electricity,sink_use_equals,,0.0
LVEtransmission72,demand_electricity,sink_use_equals,,0.0
LVEtransmission73,demand_electricity,sink_use_equals,,0.0
LVEtransmission74,demand_electricity,sink_use_equals,,0.0
LVEtransmission75,demand_electricity,sink_use_equals,,0.0
LVEtransmission76,demand_electricity,sink_use_equals,,0.0
LVEtransmission77,demand_electricity,sink_use_equals,,0.0
LVEtransmission78,demand_electricity,sink_use_equals,,0.0
LVEtransmission79,demand_electricity,sink_use_equals,,0.0
LVEtransmission80,demand_electricity,sink_use_equals,,0.0
LVEtransmission81,demand_electricity,sink_use_equals,,0.0
LVEtransmission82,demand_electricity,sink_use_equals,,0.0
LVEtransmission83,demand_electricity,sink_use_equals,,0.0
LVEtransmission84,demand_electricity,sink_use_equals,,0.0
LVEtransmission85,demand_electricity,sink_use_equals,,0.0
LVEtransmission86,demand_electricity,sink_use_equals,,0.0
LVEtransmission87,demand_electricity,sink_use_equals,,0.0
LVEtransmission88,demand_electricity,sink_use_equals,,0.0
LVEtransmission89,demand_electricity,sink_use_equals,,0.0
LVEtransmission90,demand_electricity,sink_use_equals,,0.0
LVEtransmission91,demand_electricity,sink_use_equals,,0.0
LVEtransmission92,demand_electricity,sink_use_equals,,0.0
LVEtransmission93,demand_electricity,sink_use_equals,,0.0
LVEtransmission94,demand_electricity,sink_use_equals,,0.0
LVEtransmission95,demand_electricity,sink_use_equals,,0.0
LVEtransmission96,demand_electricity,sink_use_equals,,0.0
LVEtransmission97,demand_electricity,sink_use_equals,,0.0
LVEtransmission98,demand_electricity,sink_use_equals,,0.0
LVEtransmission99,demand_electricity,sink_use_equals,,0.0
LVEtransmission100,demand_electricity,sink_use_equals,,0.0
LVEtransmission101,demand_electricity,sink_use_equals,,0.0
LVEtransmission102,demand_electricity,sink_use_equals,,0.0
LVEtransmission103,demand_electricity,sink_use_equals,,0.0
LVEtransmission104,demand_electricity,sink_use_equals,,0.0
LVEtransmission105,demand_electricity,sink_use_equals,,0.0
LVEtransmission106,demand_electricity,sink_use_equals,,0.0
LVEtransmission107,demand_electricity,sink_use_equals,,0.0
LVEtransmission108,demand_electricity,sink_use_equals,,0.0
LVEtransmission109,demand_electricity,sink_use_equals,,0.0
LVEtransmission110,demand_electricity,sink_use_equals,,0.0
LVEtransmission111,demand_electricity,sink_use_equals,,0.0
LVEtransmission112,demand_electricity,sink_use_equals,,0.0
LVEtransmission113,demand_electricity,sink_use_equals,,0.0
LVEtransmission114,demand_electricity,sink_use_equals,,0.0
LVEtransmission115,demand_electricity,sink_use_equals,,0.0
LVEtransmission116,demand_electricity,sink_use_equals,,0.0
LVEtransmission117,demand_electricity,sink_use_equals,,0.0
LVEtransmission118,demand_electricity,sink_use_equals,,0.0
LVEtransmission119,demand_electricity,sink_use_equals,,0.0
LVEtransmission120,demand_electricity,sink_use_equals,,0.0
LVEtransmission121,demand_electricity,sink_use_equals,,0.0
LVEtransmission122,demand_electricity,sink_use_equals,,0.0
LVEtransmission123,demand_electricity,sink_use_equals,,0.0
LVEtransmission124,demand_electricity,sink_use_equals,,0.0
LVEtransmission125,demand_electricity,sink_use_equals,,0.0
LVEtransmission126,demand_electricity,sink_use_equals,,0.0
LVEtransmission127,demand_electricity,sink_use_equals,,0.0
LVEtransmission128,demand_electricity,sink_use_equals,,0.0
LVEtransmission129,demand_electricity,sink_use_equals,,0.0
LVEtransmission130,demand_electricity,sink_use_equals,,0.0
LVEtransmission131,demand_electricity,sink_use_equals,,0.0
LVEtransmission132,demand_electricity,sink_use_equals,,0.0
LVEtransmission133,demand_electricity,sink_use_equals,,0.0
LVEtransmission134,demand_electricity,sink_use_equals,,0.0
LVEtransmission135,demand_electricity,sink_use_equals,,0.0
LVEtransmission136,demand_electricity,sink_use_equals,,0.0
LVEtransmission137,demand_electricity,sink_use_equals,,0.0
LVEtransmission138,demand_electricity,sink_use_equals,,0.0
LVEtransmission139,demand_electricity,sink_use_equals,,0.0
LVEtransmission140,demand_electricity,sink_use_equals,,0.0
LVEtransmission141,demand_electricity,sink_use_equals,,0.0
LVEtransmission142,demand_electricity,sink_use_equals,,0.0
LVEtransmission143,demand_electricity,sink_use_equals,,0.0
LVEtransmission144,demand_electricity,sink_use_equals,,0.0
LVEtransmission145,demand_electricity,sink_use_equals,,0.0
LVEtransmission146,demand_electricity,sink_use_equals,,0.0
LVEtransmission147,demand_electricity,sink_use_equals,,0.0
LVEtransmission148,demand_electricity,sink_use_equals,,0.0
LVEtransmission149,demand_electricity,sink_use_equals,,0.0
LVEtransmission150,demand_electricity,sink_use_equals,,0.0
LVEtransmission151,demand_electricity,sink_use_equals,,0.0
LVEtransmission152,demand_electricity,sink_use_equals,,0.0
LVEtransmission153,demand_electricity,sink_use_equals,,0.0
LVEtransmission154,demand_electricity,sink_use_equals,,0.0
LVEtransmission155,demand_electricity,sink_use_equals,,0.0
LVEtransmission156,demand_electricity,sink_use_equals,,0.0
LVEtransmission157,demand_electricity,sink_use_equals,,0.0
LVEtransmission158,demand_electricity,sink_use_equals,,0.0
LVEtransmission159,demand_electricity,sink_use_equals,,0.0
LVEtransmission160,demand_electricity,sink_use_equals,,0.0
LVEtransmission161,demand_electricity,sink_use_equals,,0.0
LVEtransmission162,demand_electricity,sink_use_equals,,0.0
LVEtransmission163,demand_electricity,sink_use_equals,,0.0
LVEtransmission164,demand_electricity,sink_use_equals,,0.0
LVEtransmission165,demand_electricity,sink_use_equals,,0.0
LVEtransmission166,demand_electricity,sink_use_equals,,0.0
LVEtransmission167,demand_electricity,sink_use_equals,,0.0
LVEtransmission168,demand_electricity,sink_use_equals,,0.0
LVEtransmission169,demand_electricity,sink_use_equals,,0.0
LVEtransmission170,demand_electricity,sink_use_equals,,0.0
LVEtransmission171,demand_electricity,sink_use_equals,,0.0
LVEtransmission172,demand_electricity,sink_use_equals,,0.0
LVEtransmission173,demand_electricity,sink_use_equals,,0.0
LVEtransmission174,demand_electricity,sink_use_equals,,0.0
LVEtransmission175,demand_electricity,sink_use_equals,,0.0
LVEtransmission176,demand_electricity,sink_use_equals,,0.0
LVEtransmission177,demand_electricity,sink_use_equals,,0.0
LVEtransmission178,demand_electricity,sink_use_equals,,0.0
LVEtransmission179,demand_electricity,sink_use_equals,,0.0
LVEtransmission180,demand_electricity,sink_use_equals,,0.0
LVEtransmission181,demand_electricity,sink_use_equals,,0.0
LVEtransmission182,demand_electricity,sink_use_equals,,0.0
LVEtransmission183,demand_electricity,sink_use_equals,,0.0
LVEtransmission184,demand_electricity,sink_use_equals,,0.0
LVEtransmission185,demand_electricity,sink_use_equals,,0.0
LVEtransmission186,demand_electricity,sink_use_equals,,0.0
LVEtransmission187,demand_electricity,sink_use_equals,,0.0
LVEtransmission188,demand_electricity,sink_use_equals,,0.0
LVEtransmission189,demand_electricity,sink_use_equals,,0.0
LVEtransmission190,demand_electricity,sink_use_equals,,0.0
LVEtransmission191,demand_electricity,sink_use_equals,,0.0
LVEtransmission192,demand_electricity,sink_use_equals,,0.0
LVEtransmission193,demand_electricity,sink_use_equals,,0.0
LVEtransmission194,demand_electricity,sink_use_equals,,0.0
LVEtransmission195,demand_electricity,sink_use_equals,,0.0
LVEtransmission196,demand_electricity,sink_use_equals,,0.0
LVEtransmission197,demand_electricity,sink_use_equals,,0.0
LVEtransmission198,demand_electricity,sink_use_equals,,0.0
LVEtransmission199,demand_electricity,sink_use_equals,,0.0
LVEtransmission200,demand_electricity,sink_use_equals,,0.0
LVEtransmission201,demand_electricity,sink_use_equals,,0.0
LVEtransmission202,demand_electricity,sink_use_equals,,0.0
LVEtransmission203,demand_electricity,sink_use_equals,,0.0
LVEtransmission204,demand_electricity,sink_use_equals,,0.0
LVEtransmission205,demand_electricity,sink_use_equals,,0.0
LVEtransmission206,demand_electricity,sink_use_equals,,0.0
LVEtransmission207,demand_electricity,sink_use_equals,,0.0
LVEtransmission208,demand_electricity,sink_use_equals,,0.0
LVEtransmission209,demand_electricity,sink_use_equals,,0.0
LVEtransmission210,demand_electricity,sink_use_equals,,0.0
LVEtransmission211,demand_electricity,sink_use_equals,,0.0
LVEtransmission212,demand_electricity,sink_use_equals,,0.0
LVEtransmission213,demand_electricity,sink_use_equals,,0.0
LVEtransmission214,demand_electricity,sink_use_equals,,0.0
LVEtransmission215,demand_electricity,sink_use_equals,,0.0
LVEtransmission216,demand_electricity,sink_use_equals,,0.0
LVEtransmission217,demand_electricity,sink_use_equals,,0.0
LVEtransmission218,demand_electricity,sink_use_equals,,0.0
LVEtransmission219,demand_electricity,sink_use_equals,,0.0
LVEtransmission220,demand_electricity,sink_use_equals,,0.0
LVEtransmission221,demand_electricity,sink_use_equals,,0.0
LVEtransmission222,demand_electricity,sink_use_equals,,0.0
LVEtransmission223,demand_electricity,sink_use_equals,,0.0
LVEtransmission224,demand_electricity,sink_use_equals,,0.0
LVEtransmission225,demand_electricity,sink_use_equals,,0.0
LVEtransmission226,demand_electricity,sink_use_equals,,0.0
LVEtransmission227,demand_electricity,sink_use_equals,,0.0
LVEtransmission228,demand_electricity,sink_use_equals,,0.0
LVEtransmission229,demand_electricity,sink_use_equals,,0.0
LVEtransmission230,demand_electricity,sink_use_equals,,0.0
LVEtransmission231,demand_electricity,sink_use_equals,,0.0
LVEtransmission232,demand_electricity,sink_use_equals,,0.0
LVEtransmission233,demand_electricity,sink_use_equals,,0.0
LVEtransmission234,demand_electricity,sink_use_equals,,0.0
LVEtransmission235,demand_electricity,sink_use_equals,,0.0
LVEtransmission236,demand_electricity,sink_use_equals,,0.0
LVEtransmission237,demand_electricity,sink_use_equals,,0.0
LVEtransmission238,demand_electricity,sink_use_equals,,0.0
LVEtransmission239,demand_electricity,sink_use_equals,,0.0
LVEtransmission240,demand_electricity,sink_use_equals,,0.0
LVEtransmission241,demand_electricity,sink_use_equals,,0.0
LVEtransmission242,demand_electricity,sink_use_equals,,0.0
LVEtransmission243,demand_electricity,sink_use_equals,,0.0
LVEtransmission244,demand_electricity,sink_use_equals,,0.0
LVEtransmission245,demand_electricity,sink_use_equals,,0.0
LVEtransmission246,demand_electricity,sink_use_equals,,0.0
LVEtransmission247,demand_electricity,sink_use_equals,,0.0
LVEtransmission248,demand_electricity,sink_use_equals,,0.0
LVEtransmission249,demand_electricity,sink_use_equals,,0.0
LVEtransmission250,demand_electricity,sink_use_equals,,0.0
LVEtransmission251,demand_electricity,sink_use_equals,,0.0
LVEtransmission252,demand_electricity,sink_use_equals,,0.0
LVEtransmission253,demand_electricity,sink_use_equals,,0.0
LVEtransmission254,demand_electricity,sink_use_equals,,0.0
LVEtransmission255,demand_electricity,sink_use_equals,,0.0
LVEtransmission256,demand_electricity,sink_use_equals,,0.0
LVEtransmission257,demand_electricity,sink_use_equals,,0.0
LVEtransmission258,demand_electricity,sink_use_equals,,0.0
LVEtransmission259,demand_electricity,sink_use_equals,,0.0
LVEtransmission260,demand_electricity,sink_use_equals,,0.0
LVEtransmission261,demand_electricity,sink_use_equals,,0.0
LVEtransmission262,demand_electricity,sink_use_equals,,0.0
LVEtransmission263,demand_electricity,sink_use_equals,,0.0
LVEtransmission264,demand_electricity,sink_use_equals,,0.0
LVEtransmission265,demand_electricity,sink_use_equals,,0.0
LVEtransmission266,demand_electricity,sink_use_equals,,0.0
LVEtransmission267,demand_electricity,sink_use_equals,,0.0
LVEtransmission268,demand_electricity,sink_use_equals,,0.0
LVEtransmission269,demand_electricity,sink_use_equals,,0.0
LVEtransmission270,demand_electricity,sink_use_equals,,0.0
LVEtransmission271,demand_electricity,sink_use_equals,,0.0
LVEtransmission272,demand_electricity,sink_use_equals,,0.0
LVEtransmission273,demand_electricity,sink_use_equals,,0.0
LVEtransmission274,demand_electricity,sink_use_equals,,0.0
LVEtransmission275,demand_electricity,sink_use_equals,,0.0
LVEtransmission276,demand_electricity,sink_use_equals,,0.0
LVEtransmission277,demand_electricity,sink_use_equals,,0.0
LVEtransmission278,demand_electricity,sink_use_equals,,0.0
LVEtransmission279,demand_electricity,sink_use_equals,,0.0
LVEtransmission280,demand_electricity,sink_use_equals,,0.0
LVEtransmission281,demand_electricity,sink_use_equals,,0.0
LVEtransmission282,demand_electricity,sink_use_equals,,0.0
LVEtransmission283,demand_electricity,sink_use_equals,,0.0
LVEtransmission284,demand_electricity,sink_use_equals,,0.0
LVEtransmission285,demand_electricity,sink_use_equals,,0.0
LVEtransmission286,demand_electricity,sink_use_equals,,0.0
LVEtransmission287,demand_electricity,sink_use_equals,,0.0
LVEtransmission288,demand_electricity,sink_use_equals,,0.0
LVEtransmission289,demand_electricity,sink_use_equals,,0.0
LVEtransmission290,demand_electricity,sink_use_equals,,0.0
LVEtransmission291,demand_electricity,sink_use_equals,,0.0
LVEtransmission292,demand_electricity,sink_use_equals,,0.0
LVEtransmission293,demand_electricity,sink_use_equals,,0.0
LVEtransmission294,demand_electricity,sink_use_equals,,0.0
LVEtransmission295,demand_electricity,sink_use_equals,,0.0
LVEtransmission296,demand_electricity,sink_use_equals,,0.0
LVEtransmission297,demand_electricity,sink_use_equals,,0.0
LVEtransmission298,demand_electricity,sink_use_equals,,0.0
LVEtransmission299,demand_electricity,sink_use_equals,,0.0
LVEtransmission300,demand_electricity,sink_use_equals,,0.0
LVEtransmission301,demand_electricity,sink_use_equals,,0.0
LVEtransmission302,demand_electricity,sink_use_equals,,0.0
LVEtransmission303,demand_electricity,sink_use_equals,,0.0
LVEtransmission304,demand_electricity,sink_use_equals,,0.0
LVEtransmission305,demand_electricity,sink_use_equals,,0.0
LVEtransmission306,demand_electricity,sink_use_equals,,0.0
LVEtransmission307,demand_electricity,sink_use_equals,,0.0
LVEtransmission308,demand_electricity,sink_use_equals,,0.0
LVEtransmission309,demand_electricity,sink_use_equals,,0.0
LVEtransmission310,demand_electricity,sink_use_equals,,0.0
LVEtransmission311,demand_electricity,sink_use_equals,,0.0
LVEtransmission312,demand_electricity,sink_use_equals,,0.0
LVEtransmission313,demand_electricity,sink_use_equals,,0.0
LVEtransmission314,demand_electricity,sink_use_equals,,0.0
LVEtransmission315,demand_electricity,sink_use_equals,,0.0
LVEtransmission316,demand_electricity,sink_use_equals,,0.0
LVEtransmission317,demand_electricity,sink_use_equals,,0.0
LVEtransmission318,demand_electricity,sink_use_equals,,0.0
LVEtransmission319,demand_electricity,sink_use_equals,,0.0
LVEtransmission320,demand_electricity,sink_use_equals,,0.0
LVEtransmission321,demand_electricity,sink_use_equals,,0.0
LVEtransmission322,demand_electricity,sink_use_equals,,0.0
LVEtransmission323,demand_electricity,sink_use_equals,,0.0
LVEtransmission324,demand_electricity,sink_use_equals,,0.0
LVEtransmission325,demand_electricity,sink_use_equals,,0.0
LVEtransmission326,demand_electricity,sink_use_equals,,0.0
LVEtransmission327,demand_electricity,sink_use_equals,,0.0
LVEtransmission328,demand_electricity,sink_use_equals,,0.0
LVEtransmission329,demand_electricity,sink_use_equals,,0.0
LVEtransmission330,demand_electricity,sink_use_equals,,0.0
LVEtransmission331,demand_electricity,sink_use_equals,,0.0
LVEtransmission332,demand_electricity,sink_use_equals,,0.0
LVEtransmission333,demand_electricity,sink_use_equals,,0.0
LVEtransmission334,demand_electricity,sink_use_equals,,0.0
LVEtransmission335,demand_electricity,sink_use_equals,,0.0
LVEtransmission336,demand_electricity,sink_use_equals,,0.0
LVEtransmission337,demand_electricity,sink_use_equals,,0.0
LVEtransmission338,demand_electricity,sink_use_equals,,0.0
LVEtransmission339,demand_electricity,sink_use_equals,,0.0
LVEtransmission340,demand_electricity,sink_use_equals,,0.0
LVEtransmission341,demand_electricity,sink_use_equals,,0.0
LVEtransmission342,demand_electricity,sink_use_equals,,0.0
LVEtransmission343,demand_electricity,sink_use_equals,,0.0
LVEtransmission344,demand_electricity,sink_use_equals,,0.0
LVEtransmission345,demand_electricity,sink_use_equals,,0.0
LVEtransmission346,demand_electricity,sink_use_equals,,0.0
LVEtransmission347,demand_electricity,sink_use_equals,,0.0
LVEtransmission348,demand_electricity,sink_use_equals,,0.0
LVEtransmission349,demand_electricity,sink_use_equals,,0.0
LVEtransmission350,demand_electricity,sink_use_equals,,0.0
LVEtransmission351,demand_electricity,sink_use_equals,,0.0
LVEtransmission352,demand_electricity,sink_use_equals,,0.0
LVEtransmission353,demand_electricity,sink_use_equals,,0.0
LVEtransmission354,demand_electricity,sink_use_equals,,0.0
LVEtransmission355,demand_electricity,sink_use_equals,,0.0
LVEtransmission356,demand_electricity,sink_use_equals,,0.0
LVEtransmission357,demand_electricity,sink_use_equals,,0.0
LVEtransmission358,demand_electricity,sink_use_equals,,0.0
LVEtransmission359,demand_electricity,sink_use_equals,,0.0
LVEtransmission360,demand_electricity,sink_use_equals,,0.0
LVEtransmission361,demand_electricity,sink_use_equals,,0.0
LVEtransmission362,demand_electricity,sink_use_equals,,0.0
LVEtransmission363,demand_electricity,sink_use_equals,,0.0
LVEtransmission364,demand_electricity,sink_use_equals,,0.0
LVEtransmission365,demand_electricity,sink_use_equals,,0.0
LVEtransmission366,demand_electricity,sink_use_equals,,0.0
LVEtransmission367,demand_electricity,sink_use_equals,,0.0
LVEtransmission368,demand_electricity,sink_use_equals,,0.0
LVEtransmission369,demand_electricity,sink_use_equals,,0.0
LVEtransmission370,demand_electricity,sink_use_equals,,0.0
LVEtransmission371,demand_electricity,sink_use_equals,,0.0
LVEtransmission372,demand_electricity,sink_use_equals,,0.0
LVEtransmission373,demand_electricity,sink_use_equals,,0.0
LVEtransmission374,demand_electricity,sink_use_equals,,0.0
LVEtransmission375,demand_electricity,sink_use_equals,,0.0
LVEtransmission376,demand_electricity,sink_use_equals,,0.0
LVEtransmission377,demand_electricity,sink_use_equals,,0.0
LVEtransmission378,demand_electricity,sink_use_equals,,0.0
LVEtransmission379,demand_electricity,sink_use_equals,,0.0
LVEtransmission380,demand_electricity,sink_use_equals,,0.0
LVEtransmission381,demand_electricity,sink_use_equals,,0.0
LVEtransmission382,demand_electricity,sink_use_equals,,0.0
LVEtransmission383,demand_electricity,sink_use_equals,,0.0
LVEtransmission384,demand_electricity,sink_use_equals,,0.0
LVEtransmission385,demand_electricity,sink_use_equals,,0.0
LVEtransmission386,demand_electricity,sink_use_equals,,0.0
LVEtransmission387,demand_electricity,sink_use_equals,,0.0
LVEtransmission388,demand_electricity,sink_use_equals,,0.0
LVEtransmission389,demand_electricity,sink_use_equals,,0.0
LVEtransmission390,demand_electricity,sink_use_equals,,0.0
LVEtransmission391,demand_electricity,sink_use_equals,,0.0
LVEtransmission392,demand_electricity,sink_use_equals,,0.0
LVEtransmission393,demand_electricity,sink_use_equals,,0.0
LVEtransmission394,demand_electricity,sink_use_equals,,0.0
LVEtransmission395,demand_electricity,sink_use_equals,,0.0
LVEtransmission396,demand_electricity,sink_use_equals,,0.0
LVEtransmission397,demand_electricity,sink_use_equals,,0.0
LVEtransmission398,demand_electricity,sink_use_equals,,0.0
LVEtransmission399,demand_electricity,sink_use_equals,,0.0
LVEtransmission400,demand_electricity,sink_use_equals,,0.0
LVEtransmission401,demand_electricity,sink_use_equals,,0.0
LVEtransmission402,demand_electricity,sink_use_equals,,0.0
LVEtransmission403,demand_electricity,sink_use_equals,,0.0
LVEtransmission404,demand_electricity,sink_use_equals,,0.0
LVEtransmission405,demand_electricity,sink_use_equals,,0.0
LVEtransmission406,demand_electricity,sink_use_equals,,0.0
LVEtransmission407,demand_electricity,sink_use_equals,,0.0
LVEtransmission408,demand_electricity,sink_use_equals,,0.0
LVEtransmission409,demand_electricity,sink_use_equals,,0.0
LVEtransmission410,demand_electricity,sink_use_equals,,0.0
LVEtransmission411,demand_electricity,sink_use_equals,,0.0
LVEtransmission412,demand_electricity,sink_use_equals,,0.0
LVEtransmission413,demand_electricity,sink_use_equals,,0.0
LVEtransmission414,demand_electricity,sink_use_equals,,0.0
LVEtransmission415,demand_electricity,sink_use_equals,,0.0
LVEtransmission416,demand_electricity,sink_use_equals,,0.0
LVEtransmission417,demand_electricity,sink_use_equals,,0.0
LVEtransmission418,demand_electricity,sink_use_equals,,0.0
LVEtransmission419,demand_electricity,sink_use_equals,,0.0
LVEtransmission420,demand_electricity,sink_use_equals,,0.0
LVEtransmission421,demand_electricity,sink_use_equals,,0.0
LVEtransmission422,demand_electricity,sink_use_equals,,0.0
LVEtransmission423,demand_electricity,sink_use_equals,,0.0
LVEtransmission424,demand_electricity,sink_use_equals,,0.0
LVEtransmission425,demand_electricity,sink_use_equals,,0.0
LVEtransmission426,demand_electricity,sink_use_equals,,0.0
LVEtransmission427,demand_electricity,sink_use_equals,,0.0
LVEtransmission428,demand_electricity,sink_use_equals,,0.0
LVEtransmission429,demand_electricity,sink_use_equals,,0.0
LVEtransmission430,demand_electricity,sink_use_equals,,0.0
LVEtransmission431,demand_electricity,sink_use_equals,,0.0
LVEtransmission432,demand_electricity,sink_use_equals,,0.0
LVEtransmission433,demand_electricity,sink_use_equals,,0.0
LVEtransmission434,demand_electricity,sink_use_equals,,0.0
LVEtransmission435,demand_electricity,sink_use_equals,,0.0
LVEtransmission436,demand_electricity,sink_use_equals,,0.0
LVEtransmission437,demand_electricity,sink_use_equals,,0.0
LVEtransmission438,demand_electricity,sink_use_equals,,0.0
LVEtransmission439,demand_electricity,sink_use_equals,,0.0
LVEtransmission440,demand_electricity,sink_use_equals,,0.0
LVEtransmission441,demand_electricity,sink_use_equals,,0.0
LVEtransmission442,demand_electricity,sink_use_equals,,0.0
LVEtransmission443,demand_electricity,sink_use_equals,,0.0
LVEtransmission444,demand_electricity,sink_use_equals,,0.0
LVEtransmission445,demand_electricity,sink_use_equals,,0.0
LVEtransmission446,demand_electricity,sink_use_equals,,0.0
LVEtransmission447,demand_electricity,sink_use_equals,,0.0
LVEtransmission448,demand_electricity,sink_use_equals,,0.0
LVEtransmission449,demand_electricity,sink_use_equals,,0.0
LVEtransmission450,demand_electricity,sink_use_equals,,0.0
LVEtransmission451,demand_electricity,sink_use_equals,,0.0
LVEtransmission452,demand_electricity,sink_use_equals,,0.0
LVEtransmission453,demand_electricity,sink_use_equals,,0.0
LVEtransmission454,demand_electricity,sink_use_equals,,0.0
LVEtransmission455,demand_electricity,sink_use_equals,,0.0
LVEtransmission456,demand_electricity,sink_use_equals,,0.0
LVEtransmission457,demand_electricity,sink_use_equals,,0.0
LVEtransmission458,demand_electricity,sink_use_equals,,0.0
LVEtransmission459,demand_electricity,sink_use_equals,,0.0
LVEtransmission460,demand_electricity,sink_use_equals,,0.0
LVEtransmission461,demand_electricity,sink_use_equals,,0.0
LVEtransmission462,demand_electricity,sink_use_equals,,0.0
LVEtransmission463,demand_electricity,sink_use_equals,,0.0
LVEtransmission464,demand_electricity,sink_use_equals,,0.0
LVEtransmission465,demand_electricity,sink_use_equals,,0.0
LVEtransmission466,demand_electricity,sink_use_equals,,0.0
LVEtransmission467,demand_electricity,sink_use_equals,,0.0
LVEtransmission468,demand_electricity,sink_use_equals,,0.0
LVEtransmission469,demand_electricity,sink_use_equals,,0.0
LVEtransmission470,demand_electricity,sink_use_equals,,0.0
LVEtransmission471,demand_electricity,sink_use_equals,,0.0
LVEtransmission472,demand_electricity,sink_use_equals,,0.0
LVEtransmission473,demand_electricity,sink_use_equals,,0.0
LVEtransmission474,demand_electricity,sink_use_equals,,0.0
LVEtransmission475,demand_electricity,sink_use_equals,,0.0
LVEtransmission476,demand_electricity,sink_use_equals,,0.0
LVEtransmission477,demand_electricity,sink_use_equals,,0.0
LVEtransmission478,demand_electricity,sink_use_equals,,0.0
LVEtransmission479,demand_electricity,sink_use_equals,,0.0
LVEtransmission480,demand_electricity,sink_use_equals,,0.0
LVEtransmission481,demand_electricity,sink_use_equals,,0.0
LVEtransmission482,demand_electricity,sink_use_equals,,0.0
LVEtransmission483,demand_electricity,sink_use_equals,,0.0
LVEtransmission484,demand_electricity,sink_use_equals,,0.0
LVEtransmission485,demand_electricity,sink_use_equals,,0.0
LVEtransmission486,demand_electricity,sink_use_equals,,0.0
LVEtransmission487,demand_electricity,sink_use_equals,,0.0
LVEtransmission488,demand_electricity,sink_use_equals,,0.0
LVEtransmission489,demand_electricity,sink_use_equals,,0.0
LVEtransmission490,demand_electricity,sink_use_equals,,0.0
LVEtransmission491,demand_electricity,sink_use_equals,,0.0
LVEtransmission492,demand_electricity,sink_use_equals,,0.0
LVEtransmission493,demand_electricity,sink_use_equals,,0.0
LVEtransmission494,demand_electricity,sink_use_equals,,0.0
LVEtransmission495,demand_electricity,sink_use_equals,,0.0
LVEtransmission496,demand_electricity,sink_use_equals,,0.0
LVEtransmission497,demand_electricity,sink_use_equals,,0.0
LVEtransmission498,demand_electricity,sink_use_equals,,0.0
LVEtransmission499,demand_electricity,sink_use_equals,,0.0
LVEtransmission500,demand_electricity,sink_use_equals,,0.0
LVEtransmission501,demand_electricity,sink_use_equals,,0.0
LVEtransmission502,demand_electricity,sink_use_equals,,0.0
LVEtransmission503,demand_electricity,sink_use_equals,,0.0
LVEtransmission504,demand_electricity,sink_use_equals,,0.0
LVEtransmission505,demand_electricity,sink_use_equals,,0.0
LVEtransmission506,demand_electricity,sink_use_equals,,0.0
LVEtransmission507,demand_electricity,sink_use_equals,,0.0
LVEtransmission508,demand_electricity,sink_use_equals,,0.0
LVEtransmission509,demand_electricity,sink_use_equals,,0.0
LVEtransmission510,demand_electricity,sink_use_equals,,0.0
LVEtransmission511,demand_electricity,sink_use_equals,,0.0
LVEtransmission512,demand_electricity,sink_use_equals,,0.0
LVEtransmission513,demand_electricity,sink_use_equals,,0.0
LVEtransmission514,demand_electricity,sink_use_equals,,0.0
LVEtransmission515,demand_electricity,sink_use_equals,,0.0
LVEtransmission516,demand_electricity,sink_use_equals,,0.0
LVEtransmission517,demand_electricity,sink_use_equals,,0.0
LVEtransmission518,demand_electricity,sink_use_equals,,0.0
LVEtransmission519,demand_electricity,sink_use_equals,,0.0
LVEtransmission520,demand_electricity,sink_use_equals,,0.0
LVEtransmission521,demand_electricity,sink_use_equals,,0.0
LVEtransmission522,demand_electricity,sink_use_equals,,0.0
LVEtransmission523,demand_electricity,sink_use_equals,,0.0
LVEtransmission524,demand_electricity,sink_use_equals,,0.0
LVEtransmission525,demand_electricity,sink_use_equals,,0.0
LVEtransmission526,demand_electricity,sink_use_equals,,0.0
LVEtransmission527,demand_electricity,sink_use_equals,,0.0
LVEtransmission528,demand_electricity,sink_use_equals,,0.0
LVEtransmission529,demand_electricity,sink_use_equals,,0.0
LVEtransmission530,demand_electricity,sink_use_equals,,0.0
LVEtransmission531,demand_electricity,sink_use_equals,,0.0
LVEtransmission532,demand_electricity,sink_use_equals,,0.0
LVEtransmission533,demand_electricity,sink_use_equals,,0.0
LVEtransmission534,demand_electricity,sink_use_equals,,0.0
LVEtransmission535,demand_electricity,sink_use_equals,,0.0
LVEtransmission536,demand_electricity,sink_use_equals,,0.0
LVEtransmission537,demand_electricity,sink_use_equals,,0.0
LVEtransmission538,demand_electricity,sink_use_equals,,0.0
LVEtransmission539,demand_electricity,sink_use_equals,,0.0
LVEtransmission540,demand_electricity,sink_use_equals,,0.0
LVEtransmission541,demand_electricity,sink_use_equals,,0.0
LVEtransmission542,demand_electricity,sink_use_equals,,0.0
LVEtransmission543,demand_electricity,sink_use_equals,,0.0
LVEtransmission544,demand_electricity,sink_use_equals,,0.0
LVEtransmission545,demand_electricity,sink_use_equals,,0.0
LVEtransmission546,demand_electricity,sink_use_equals,,0.0
LVEtransmission547,demand_electricity,sink_use_equals,,0.0
LVEtransmission548,demand_electricity,sink_use_equals,,0.0
LVEtransmission549,demand_electricity,sink_use_equals,,0.0
LVEtransmission550,demand_electricity,sink_use_equals,,0.0
LVEtransmission551,demand_electricity,sink_use_equals,,0.0
LVEtransmission552,demand_electricity,sink_use_equals,,0.0
LVEtransmission553,demand_electricity,sink_use_equals,,0.0
LVEtransmission554,demand_electricity,sink_use_equals,,0.0
LVEtransmission555,demand_electricity,sink_use_equals,,0.0
LVEtransmission556,demand_electricity,sink_use_equals,,0.0
LVEtransmission557,demand_electricity,sink_use_equals,,0.0
LVEtransmission558,demand_electricity,sink_use_equals,,0.0
LVEtransmission559,demand_electricity,sink_use_equals,,0.0
LVEtransmission560,demand_electricity,sink_use_equals,,0.0
LVEtransmission561,demand_electricity,sink_use_equals,,0.0
LVEtransmission562,demand_electricity,sink_use_equals,,0.0
LVEtransmission563,demand_electricity,sink_use_equals,,0.0
LVEtransmission564,demand_electricity,sink_use_equals,,0.0
LVEtransmission565,demand_electricity,sink_use_equals,,0.0
LVEtransmission566,demand_electricity,sink_use_equals,,0.0
LVEtransmission567,demand_electricity,sink_use_equals,,0.0
LVEtransmission568,demand_electricity,sink_use_equals,,0.0
LVEtransmission569,demand_electricity,sink_use_equals,,0.0
LVEtransmission570,demand_electricity,sink_use_equals,,0.0
LVEtransmission571,demand_electricity,sink_use_equals,,0.0
LVEtransmission572,demand_electricity,sink_use_equals,,0.0
LVEtransmission573,demand_electricity,sink_use_equals,,0.0
LVEtransmission574,demand_electricity,sink_use_equals,,0.0
LVEtransmission575,demand_electricity,sink_use_equals,,0.0
LVEtransmission576,demand_electricity,sink_use_equals,,0.0
LVEtransmission577,demand_electricity,sink_use_equals,,0.0
LVEtransmission578,demand_electricity,sink_use_equals,,0.0
LVEtransmission579,demand_electricity,sink_use_equals,,0.0
LVEtransmission580,demand_electricity,sink_use_equals,,0.0
LVEtransmission581,demand_electricity,sink_use_equals,,0.0
LVEtransmission582,demand_electricity,sink_use_equals,,0.0
LVEtransmission583,demand_electricity,sink_use_equals,,0.0
LVEtransmission584,demand_electricity,sink_use_equals,,0.0
LVEtransmission585,demand_electricity,sink_use_equals,,0.0
LVEtransmission586,demand_electricity,sink_use_equals,,0.0
LVEtransmission587,demand_electricity,sink_use_equals,,0.0
LVEtransmission588,demand_electricity,sink_use_equals,,0.0
LVEtransmission589,demand_electricity,sink_use_equals,,0.0
LVEtransmission590,demand_electricity,sink_use_equals,,0.0
LVEtransmission591,demand_electricity,sink_use_equals,,0.0
LVEtransmission592,demand_electricity,sink_use_equals,,0.0
LVEtransmission593,demand_electricity,sink_use_equals,,0.0
LVEtransmission594,demand_electricity,sink_use_equals,,0.0
LVEtransmission595,demand_electricity,sink_use_equals,,0.0
LVEtransmission596,demand_electricity,sink_use_equals,,0.0
LVEtransmission597,demand_electricity,sink_use_equals,,0.0
LVEtransmission598,demand_electricity,sink_use_equals,,0.0
LVEtransmission599,demand_electricity,sink_use_equals,,0.0
LVEtransmission600,demand_electricity,sink_use_equals,,0.0
LVEtransmission601,demand_electricity,sink_use_equals,,0.0
LVEtransmission602,demand_electricity,sink_use_equals,,0.0
LVEtransmission603,demand_electricity,sink_use_equals,,0.0
LVEtransmission604,demand_electricity,sink_use_equals,,0.0
LVEtransmission605,demand_electricity,sink_use_equals,,0.0
LVEtransmission606,demand_electricity,sink_use_equals,,0.0
LVEtransmission607,demand_electricity,sink_use_equals,,0.0
LVEtransmission608,demand_electricity,sink_use_equals,,0.0
LVEtransmission609,demand_electricity,sink_use_equals,,0.0
LVEtransmission610,demand_electricity,sink_use_equals,,0.0
LVEtransmission611,demand_electricity,sink_use_equals,,0.0
LVEtransmission612,demand_electricity,sink_use_equals,,0.0
LVEtransmission613,demand_electricity,sink_use_equals,,0.0
LVEtransmission614,demand_electricity,sink_use_equals,,0.0
LVEtransmission615,demand_electricity,sink_use_equals,,0.0
LVEtransmission616,demand_electricity,sink_use_equals,,0.0
LVEtransmission617,demand_electricity,sink_use_equals,,0.0
LVEtransmission618,demand_electricity,sink_use_equals,,0.0
LVEtransmission619,demand_electricity,sink_use_equals,,0.0
LVEtransmission620,demand_electricity,sink_use_equals,,0.0
LVEtransmission621,demand_electricity,sink_use_equals,,0.0
LVEtransmission622,demand_electricity,sink_use_equals,,0.0
LVEtransmission623,demand_electricity,sink_use_equals,,0.0
LVEtransmission624,demand_electricity,sink_use_equals,,0.0
LVEtransmission625,demand_electricity,sink_use_equals,,0.0
LVEtransmission626,demand_electricity,sink_use_equals,,0.0
LVEtransmission627,demand_electricity,sink_use_equals,,0.0
LVEtransmission628,demand_electricity,sink_use_equals,,0.0
LVEtransmission629,demand_electricity,sink_use_equals,,0.0
LVEtransmission630,demand_electricity,sink_use_equals,,0.0
LVEtransmission631,demand_electricity,sink_use_equals,,0.0
LVEtransmission632,demand_electricity,sink_use_equals,,0.0
LVEtransmission633,demand_electricity,sink_use_equals,,0.0
LVEtransmission634,demand_electricity,sink_use_equals,,0.0
LVEtransmission635,demand_electricity,sink_use_equals,,0.0
LVEtransmission636,demand_electricity,sink_use_equals,,0.0
LVEtransmission637,demand_electricity,sink_use_equals,,0.0
LVEtransmission638,demand_electricity,sink_use_equals,,0.0
LVEtransmission639,demand_electricity,sink_use_equals,,0.0
LVEtransmission640,demand_electricity,sink_use_equals,,0.0
LVEtransmission641,demand_electricity,sink_use_equals,,0.0
LVEtransmission642,demand_electricity,sink_use_equals,,0.0
LVEtransmission643,demand_electricity,sink_use_equals,,0.0
LVEtransmission644,demand_electricity,sink_use_equals,,0.0
LVEtransmission645,demand_electricity,sink_use_equals,,0.0
LVEtransmission646,demand_electricity,sink_use_equals,,0.0
LVEtransmission647,demand_electricity,sink_use_equals,,0.0
LVEtransmission648,demand_electricity,sink_use_equals,,0.0
LVEtransmission649,demand_electricity,sink_use_equals,,0.0
LVEtransmission650,demand_electricity,sink_use_equals,,0.0
LVEtransmission651,demand_electricity,sink_use_equals,,0.0
LVEtransmission652,demand_electricity,sink_use_equals,,0.0
LVEtransmission653,demand_electricity,sink_use_equals,,0.0
LVEtransmission654,demand_electricity,sink_use_equals,,0.0
LVEtransmission655,demand_electricity,sink_use_equals,,0.0
LVEtransmission656,demand_electricity,sink_use_equals,,0.0
LVEtransmission657,demand_electricity,sink_use_equals,,0.0
LVEtransmission658,demand_electricity,sink_use_equals,,0.0
LVEtransmission659,demand_electricity,sink_use_equals,,0.0
LVEtransmission660,demand_electricity,sink_use_equals,,0.0
LVEtransmission661,demand_electricity,sink_use_equals,,0.0
LVEtransmission662,demand_electricity,sink_use_equals,,0.0
LVEtransmission663,demand_electricity,sink_use_equals,,0.0
LVEtransmission664,demand_electricity,sink_use_equals,,0.0
LVEtransmission665,demand_electricity,sink_use_equals,,0.0
LVEtransmission666,demand_electricity,sink_use_equals,,0.0
LVEtransmission667,demand_electricity,sink_use_equals,,0.0
LVEtransmission668,demand_electricity,sink_use_equals,,0.0
LVEtransmission669,demand_electricity,sink_use_equals,,0.0
LVEtransmission670,demand_electricity,sink_use_equals,,0.0
LVEtransmission671,demand_electricity,sink_use_equals,,0.0
LVEtransmission672,demand_electricity,sink_use_equals,,0.0
LVEtransmission673,demand_electricity,sink_use_equals,,0.0
LVEtransmission674,demand_electricity,sink_use_equals,,0.0
LVEtransmission675,demand_electricity,sink_use_equals,,0.0
LVEtransmission676,demand_electricity,sink_use_equals,,0.0
LVEtransmission677,demand_electricity,sink_use_equals,,0.0
LVEtransmission678,demand_electricity,sink_use_equals,,0.0
LVEtransmission679,demand_electricity,sink_use_equals,,0.0
LVEtransmission680,demand_electricity,sink_use_equals,,0.0
LVEtransmission681,demand_electricity,sink_use_equals,,0.0
LVEtransmission682,demand_electricity,sink_use_equals,,0.0
LVEtransmission683,demand_electricity,sink_use_equals,,0.0
LVEtransmission684,demand_electricity,sink_use_equals,,0.0
LVEtransmission685,demand_electricity,sink_use_equals,,0.0
LVEtransmission686,demand_electricity,sink_use_equals,,0.0
LVEtransmission687,demand_electricity,sink_use_equals,,0.0
LVEtransmission688,demand_electricity,sink_use_equals,,0.0
LVEtransmission689,demand_electricity,sink_use_equals,,0.0
LVEtransmission690,demand_electricity,sink_use_equals,,0.0
LVEtransmission691,demand_electricity,sink_use_equals,,0.0
LVEtransmission692,demand_electricity,sink_use_equals,,0.0
LVEtransmission693,demand_electricity,sink_use_equals,,0.0
LVEtransmission694,demand_electricity,sink_use_equals,,0.0
LVEtransmission695,demand_electricity,sink_use_equals,,0.0
LVEtransmission696,demand_electricity,sink_use_equals,,0.0
LVEtransmission697,demand_electricity,sink_use_equals,,0.0
LVEtransmission698,demand_electricity,sink_use_equals,,0.0
LVEtransmission699,demand_electricity,sink_use_equals,,0.0
LVEtransmission700,demand_electricity,sink_use_equals,,0.0
LVEtransmission701,demand_electricity,sink_use_equals,,0.0
LVEtransmission702,demand_electricity,sink_use_equals,,0.0
LVEtransmission703,demand_electricity,sink_use_equals,,0.0
LVEtransmission704,demand_electricity,sink_use_equals,,0.0
LVEtransmission705,demand_electricity,sink_use_equals,,0.0
LVEtransmission706,demand_electricity,sink_use_equals,,0.0
LVEtransmission707,demand_electricity,sink_use_equals,,0.0
LVEtransmission708,demand_electricity,sink_use_equals,,0.0
LVEtransmission709,demand_electricity,sink_use_equals,,0.0
LVEtransmission710,demand_electricity,sink_use_equals,,0.0
LVEtransmission711,demand_electricity,sink_use_equals,,0.0
LVEtransmission712,demand_electricity,sink_use_equals,,0.0
LVEtransmission713,demand_electricity,sink_use_equals,,0.0
LVEtransmission714,demand_electricity,sink_use_equals,,0.0
LVEtransmission715,demand_electricity,sink_use_equals,,0.0
LVEtransmission716,demand_electricity,sink_use_equals,,0.0
LVEtransmission717,demand_electricity,sink_use_equals,,0.0
LVEtransmission718,demand_electricity,sink_use_equals,,0.0
LVEtransmission719,demand_electricity,sink_use_equals,,0.0
LVEtransmission720,demand_electricity,sink_use_equals,,0.0
LVEtransmission721,demand_electricity,sink_use_equals,,0.0
LVEtransmission722,demand_electricity,sink_use_equals,,0.0
LVEtransmission723,demand_electricity,sink_use_equals,,0.0
LVEtransmission724,demand_electricity,sink_use_equals,,0.0
LVEtransmission725,demand_electricity,sink_use_equals,,0.0
LVEtransmission726,demand_electricity,sink_use_equals,,0.0
LVEtransmission727,demand_electricity,sink_use_equals,,0.0
LVEtransmission728,demand_electricity,sink_use_equals,,0.0
LVEtransmission729,demand_electricity,sink_use_equals,,0.0
LVEtransmission730,demand_electricity,sink_use_equals,,0.0
LVEtransmission731,demand_electricity,sink_use_equals,,0.0
LVEtransmission732,demand_electricity,sink_use_equals,,0.0
LVEtransmission733,demand_electricity,sink_use_equals,,0.0
LVEtransmission734,demand_electricity,sink_use_equals,,0.0
LVEtransmission735,demand_electricity,sink_use_equals,,0.0
LVEtransmission736,demand_electricity,sink_use_equals,,0.0
LVEtransmission737,demand_electricity,sink_use_equals,,0.0
LVEtransmission738,demand_electricity,sink_use_equals,,0.0
LVEtransmission739,demand_electricity,sink_use_equals,,0.0
LVEtransmission740,demand_electricity,sink_use_equals,,0.0
LVEtransmission741,demand_electricity,sink_use_equals,,0.0
LVEtransmission742,demand_electricity,sink_use_equals,,0.0
LVEtransmission743,demand_electricity,sink_use_equals,,0.0
LVEtransmission744,demand_electricity,sink_use_equals,,0.0
LVEtransmission745,demand_electricity,sink_use_equals,,0.0
LVEtransmission746,demand_electricity,sink_use_equals,,0.0
LVEtransmission747,demand_electricity,sink_use_equals,,0.0
LVEtransmission748,demand_electricity,sink_use_equals,,0.0
LVEtransmission749,demand_electricity,sink_use_equals,,0.0
LVEtransmission750,demand_electricity,sink_use_equals,,0.0
LVEtransmission751,demand_electricity,sink_use_equals,,0.0
LVEtransmission752,demand_electricity,sink_use_equals,,0.0
LVEtransmission753,demand_electricity,sink_use_equals,,0.0
LVEtransmission754,demand_electricity,sink_use_equals,,0.0
LVEtransmission755,demand_electricity,sink_use_equals,,0.0
LVEtransmission756,demand_electricity,sink_use_equals,,0.0
LVEtransmission757,demand_electricity,sink_use_equals,,0.0
LVEtransmission758,demand_electricity,sink_use_equals,,0.0
LVEtransmission759,demand_electricity,sink_use_equals,,0.0
LVEtransmission760,demand_electricity,sink_use_equals,,0.0
LVEtransmission761,demand_electricity,sink_use_equals,,0.0
LVEtransmission762,demand_electricity,sink_use_equals,,0.0
LVEtransmission763,demand_electricity,sink_use_equals,,0.0
LVEtransmission764,demand_electricity,sink_use_equals,,0.0
LVEtransmission765,demand_electricity,sink_use_equals,,0.0
LVEtransmission766,demand_electricity,sink_use_equals,,0.0
LVEtransmission767,demand_electricity,sink_use_equals,,0.0
LVEtransmission768,demand_electricity,sink_use_equals,,0.0
LVEtransmission769,demand_electricity,sink_use_equals,,0.0
LVEtransmission770,demand_electricity,sink_use_equals,,0.0
LVEtransmission771,demand_electricity,sink_use_equals,,0.0
LVEtransmission772,demand_electricity,sink_use_equals,,0.0
LVEtransmission773,demand_electricity,sink_use_equals,,0.0
LVEtransmission774,demand_electricity,sink_use_equals,,0.0
LVEtransmission775,demand_electricity,sink_use_equals,,0.0
LVEtransmission776,demand_electricity,sink_use_equals,,0.0
LVEtransmission777,demand_electricity,sink_use_equals,,0.0
LVEtransmission778,demand_electricity,sink_use_equals,,0.0
LVEtransmission779,demand_electricity,sink_use_equals,,0.0
LVEtransmission780,demand_electricity,sink_use_equals,,0.0
LVEtransmission781,demand_electricity,sink_use_equals,,0.0
LVEtransmission782,demand_electricity,sink_use_equals,,0.0
LVEtransmission783,demand_electricity,sink_use_equals,,0.0
LVEtransmission784,demand_electricity,sink_use_equals,,0.0
LVEtransmission785,demand_electricity,sink_use_equals,,0.0
LVEtransmission786,demand_electricity,sink_use_equals,,0.0
LVEtransmission787,demand_electricity,sink_use_equals,,0.0
LVEtransmission788,demand_electricity,sink_use_equals,,0.0
LVEtransmission789,demand_electricity,sink_use_equals,,0.0
LVEtransmission790,demand_electricity,sink_use_equals,,0.0
LVEtransmission791,demand_electricity,sink_use_equals,,0.0
LVEtransmission792,demand_electricity,sink_use_equals,,0.0
LVEtransmission793,demand_electricity,sink_use_equals,,0.0
LVEtransmission794,demand_electricity,sink_use_equals,,0.0
LVEtransmission795,demand_electricity,sink_use_equals,,0.0
LVEtransmission796,demand_electricity,sink_use_equals,,0.0
LVEtransmission797,demand_electricity,sink_use_equals,,0.0
LVEtransmission798,demand_electricity,sink_use_equals,,0.0
LVEtransmission799,demand_electricity,sink_use_equals,,0.0
LVEtransmission800,demand_electricity,sink_use_equals,,0.0
LVEtransmission801,demand_electricity,sink_use_equals,,0.0
LVEtransmission802,demand_electricity,sink_use_equals,,0.0
LVEtransmission803,demand_electricity,sink_use_equals,,0.0
LVEtransmission804,demand_electricity,sink_use_equals,,0.0
LVEtransmission805,demand_electricity,sink_use_equals,,0.0
LVEtransmission806,demand_electricity,sink_use_equals,,0.0
LVEtransmission807,demand_electricity,sink_use_equals,,0.0
LVEtransmission808,demand_electricity,sink_use_equals,,0.0
LVEtransmission809,demand_electricity,sink_use_equals,,0.0
LVEtransmission810,demand_electricity,sink_use_equals,,0.0
LVEtransmission811,demand_electricity,sink_use_equals,,0.0
LVEtransmission812,demand_electricity,sink_use_equals,,0.0
LVEtransmission813,demand_electricity,sink_use_equals,,0.0
LVEtransmission814,demand_electricity,sink_use_equals,,0.0
LVEtransmission815,demand_electricity,sink_use_equals,,0.0
LVEtransmission816,demand_electricity,sink_use_equals,,0.0
LVEtransmission817,demand_electricity,sink_use_equals,,0.0
LVEtransmission818,demand_electricity,sink_use_equals,,0.0
LVEtransmission819,demand_electricity,sink_use_equals,,0.0
LVEtransmission820,demand_electricity,sink_use_equals,,0.0
LVEtransmission821,demand_electricity,sink_use_equals,,0.0
LVEtransmission822,demand_electricity,sink_use_equals,,0.0
LVEtransmission823,demand_electricity,sink_use_equals,,0.0
LVEtransmission824,demand_electricity,sink_use_equals,,0.0
LVEtransmission825,demand_electricity,sink_use_equals,,0.0
LVEtransmission826,demand_electricity,sink_use_equals,,0.0
LVEtransmission827,demand_electricity,sink_use_equals,,0.0
LVEtransmission828,demand_electricity,sink_use_equals,,0.0
LVEtransmission829,demand_electricity,sink_use_equals,,0.0
LVEtransmission830,demand_electricity,sink_use_equals,,0.0
LVEtransmission831,demand_electricity,sink_use_equals,,0.0
LVEtransmission832,demand_electricity,sink_use_equals,,0.0
LVEtransmission833,demand_electricity,sink_use_equals,,0.0
LVEtransmission834,demand_electricity,sink_use_equals,,0.0
LVEtransmission835,demand_electricity,sink_use_equals,,0.0
LVEtransmission836,demand_electricity,sink_use_equals,,0.0
LVEtransmission837,demand_electricity,sink_use_equals,,0.0
LVEtransmission838,demand_electricity,sink_use_equals,,0.0
LVEtransmission839,demand_electricity,sink_use_equals,,0.0
LVEtransmission840,demand_electricity,sink_use_equals,,0.0
LVEtransmission841,demand_electricity,sink_use_equals,,0.0
LVEtransmission842,demand_electricity,sink_use_equals,,0.0
LVEtransmission843,demand_electricity,sink_use_equals,,0.0
LVEtransmission844,demand_electricity,sink_use_equals,,0.0
LVEtransmission845,demand_electricity,sink_use_equals,,0.0
LVEtransmission846,demand_electricity,sink_use_equals,,0.0
LVEtransmission847,demand_electricity,sink_use_equals,,0.0
LVEtransmission848,demand_electricity,sink_use_equals,,0.0
LVEtransmission849,demand_electricity,sink_use_equals,,0.0
LVEtransmission850,demand_electricity,sink_use_equals,,0.0
LVEtransmission851,demand_electricity,sink_use_equals,,0.0
LVEtransmission852,demand_electricity,sink_use_equals,,0.0
LVEtransmission853,demand_electricity,sink_use_equals,,0.0
LVEtransmission854,demand_electricity,sink_use_equals,,0.0
LVEtransmission855,demand_electricity,sink_use_equals,,0.0
LVEtransmission856,demand_electricity,sink_use_equals,,0.0
LVEtransmission857,demand_electricity,sink_use_equals,,0.0
LVEtransmission858,demand_electricity,sink_use_equals,,0.0
LVEtransmission859,demand_electricity,sink_use_equals,,0.0
LVEtransmission860,demand_electricity,sink_use_equals,,0.0
LVEtransmission861,demand_electricity,sink_use_equals,,0.0
LVEtransmission862,demand_electricity,sink_use_equals,,0.0
LVEtransmission863,demand_electricity,sink_use_equals,,0.0
LVEtransmission864,demand_electricity,sink_use_equals,,0.0
LVEtransmission865,demand_electricity,sink_use_equals,,0.0
LVEtransmission866,demand_electricity,sink_use_equals,,0.0
LVEtransmission867,demand_electricity,sink_use_equals,,0.0
LVEtransmission868,demand_electricity,sink_use_equals,,0.0
LVEtransmission869,demand_electricity,sink_use_equals,,0.0
LVEtransmission870,demand_electricity,sink_use_equals,,0.0
LVEtransmission871,demand_electricity,sink_use_equals,,0.0
LVEtransmission872,demand_electricity,sink_use_equals,,0.0
LVEtransmission873,demand_electricity,sink_use_equals,,0.0
LVEtransmission874,demand_electricity,sink_use_equals,,0.0
LVEtransmission875,demand_electricity,sink_use_equals,,0.0
LVEtransmission876,demand_electricity,sink_use_equals,,0.0
LVEtransmission877,demand_electricity,sink_use_equals,,0.0
LVEtransmission878,demand_electricity,sink_use_equals,,0.0
LVEtransmission879,demand_electricity,sink_use_equals,,0.0
LVEtransmission880,demand_electricity,sink_use_equals,,0.0
LVEtransmission881,demand_electricity,sink_use_equals,,0.0
LVEtransmission882,demand_electricity,sink_use_equals,,0.0
LVEtransmission883,demand_electricity,sink_use_equals,,0.0
LVEtransmission884,demand_electricity,sink_use_equals,,0.0
LVEtransmission885,demand_electricity,sink_use_equals,,0.0
LVEtransmission886,demand_electricity,sink_use_equals,,0.0
LVEtransmission887,demand_electricity,sink_use_equals,,0.0
LVEtransmission888,demand_electricity,sink_use_equals,,0.0
LVEtransmission889,demand_electricity,sink_use_equals,,0.0
LVEtransmission890,demand_electricity,sink_use_equals,,0.0
LVEtransmission891,demand_electricity,sink_use_equals,,0.0
LVEtransmission892,demand_electricity,sink_use_equals,,0.0
LVEtransmission893,demand_electricity,sink_use_equals,,0.0
LVEtransmission894,demand_electricity,sink_use_equals,,0.0
LVEtransmission895,demand_electricity,sink_use_equals,,0.0
LVEtransmission896,demand_electricity,sink_use_equals,,0.0
LVEtransmission897,demand_electricity,sink_use_equals,,0.0
LVEtransmission898,demand_electricity,sink_use_equals,,0.0
LVEtransmission899,demand_electricity,sink_use_equals,,0.0
LVEtransmission900,demand_electricity,sink_use_equals,,0.0
LVEtransmission901,demand_electricity,sink_use_equals,,0.0
LVEtransmission902,demand_electricity,sink_use_equals,,0.0
LVEtransmission903,demand_electricity,sink_use_equals,,0.0
LVEtransmission904,demand_electricity,sink_use_equals,,0.0
LVEtransmission905,demand_electricity,sink_use_equals,,0.0
LVEtransmission906,demand_electricity,sink_use_equals,,0.0
LVEtransmission907,demand_electricity,sink_use_equals,,0.0
LVEtransmission908,demand_electricity,sink_use_equals,,0.0
LVEtransmission909,demand_electricity,sink_use_equals,,0.0
LVEtransmission910,demand_electricity,sink_use_equals,,0.0
LVEtransmission911,demand_electricity,sink_use_equals,,0.0
LVEtransmission912,demand_electricity,sink_use_equals,,0.0
LVEtransmission913,demand_electricity,sink_use_equals,,0.0
LVEtransmission914,demand_electricity,sink_use_equals,,0.0
LVEtransmission915,demand_electricity,sink_use_equals,,0.0
LVEtransmission916,demand_electricity,sink_use_equals,,0.0
LVEtransmission917,demand_electricity,sink_use_equals,,0.0
LVEtransmission918,demand_electricity,sink_use_equals,,0.0
LVEtransmission919,demand_electricity,sink_use_equals,,0.0
LVEtransmission920,demand_electricity,sink_use_equals,,0.0
LVEtransmission921,demand_electricity,sink_use_equals,,0.0
LVEtransmission922,demand_electricity,sink_use_equals,,0.0
LVEtransmission923,demand_electricity,sink_use_equals,,0.0
LVEtransmission924,demand_electricity,sink_use_equals,,0.0
LVEtransmission925,demand_electricity,sink_use_equals,,0.0
LVEtransmission926,demand_electricity,sink_use_equals,,0.0
LVEtransmission927,demand_electricity,sink_use_equals,,0.0
LVEtransmission928,demand_electricity,sink_use_equals,,0.0
LVEtransmission929,demand_electricity,sink_use_equals,,0.0
LVEtransmission930,demand_electricity,sink_use_equals,,0.0
LVEtransmission931,demand_electricity,sink_use_equals,,0.0
LVEtransmission932,demand_electricity,sink_use_equals,,0.0
LVEtransmission933,demand_electricity,sink_use_equals,,0.0
LVEtransmission934,demand_electricity,sink_use_equals,,0.0
LVEtransmission935,demand_electricity,sink_use_equals,,0.0
LVEtransmission936,demand_electricity,sink_use_equals,,0.0
LVEtransmission937,demand_electricity,sink_use_equals,,0.0
LVEtransmission938,demand_electricity,sink_use_equals,,0.0
LVEtransmission939,demand_electricity,sink_use_equals,,0.0
LVEtransmission940,demand_electricity,sink_use_equals,,0.0
LVEtransmission941,demand_electricity,sink_use_equals,,0.0
LVEtransmission942,demand_electricity,sink_use_equals,,0.0
LVEtransmission943,demand_electricity,sink_use_equals,,0.0
LVEtransmission944,demand_electricity,sink_use_equals,,0.0
LVEtransmission945,demand_electricity,sink_use_equals,,0.0
LVEtransmission946,demand_electricity,sink_use_equals,,0.0
LVEtransmission947,demand_electricity,sink_use_equals,,0.0
LVEtransmission948,demand_electricity,sink_use_equals,,0.0
LVEtransmission949,demand_electricity,sink_use_equals,,0.0
LVEtransmission950,demand_electricity,sink_use_equals,,0.0
LVEtransmission951,demand_electricity,sink_use_equals,,0.0
LVEtransmission952,demand_electricity,sink_use_equals,,0.0
LVEtransmission953,demand_electricity,sink_use_equals,,0.0
LVEtransmission954,demand_electricity,sink_use_equals,,0.0
LVEtransmission955,demand_electricity,sink_use_equals,,0.0
LVEtransmission956,demand_electricity,sink_use_equals,,0.0
LVEtransmission957,demand_electricity,sink_use_equals,,0.0
LVEtransmission958,demand_electricity,sink_use_equals,,0.0
LVEtransmission959,demand_electricity,sink_use_equals,,0.0
LVEtransmission960,demand_electricity,sink_use_equals,,0.0
LVEtransmission961,demand_electricity,sink_use_equals,,0.0
LVEtransmission962,demand_electricity,sink_use_equals,,0.0
LVEtransmission963,demand_electricity,sink_use_equals,,0.0
LVEtransmission964,demand_electricity,sink_use_equals,,0.0
LVEtransmission965,demand_electricity,sink_use_equals,,0.0
LVEtransmission966,demand_electricity,sink_use_equals,,0.0
LVEtransmission967,demand_electricity,sink_use_equals,,0.0
LVEtransmission968,demand_electricity,sink_use_equals,,0.0
LVEtransmission969,demand_electricity,sink_use_equals,,0.0
LVEtransmission970,demand_electricity,sink_use_equals,,0.0
LVEtransmission971,demand_electricity,sink_use_equals,,0.0
LVEtransmission972,demand_electricity,sink_use_equals,,0.0
LVEtransmission973,demand_electricity,sink_use_equals,,0.0
LVEtransmission974,demand_electricity,sink_use_equals,,0.0
LVEtransmission975,demand_electricity,sink_use_equals,,0.0
LVEtransmission976,demand_electricity,sink_use_equals,,0.0
LVEtransmission977,demand_electricity,sink_use_equals,,0.0
LVEtransmission978,demand_electricity,sink_use_equals,,0.0
LVEtransmission979,demand_electricity,sink_use_equals,,0.0
LVEtransmission980,demand_electricity,sink_use_equals,,0.0
LVEtransmission981,demand_electricity,sink_use_equals,,0.0
LVEtransmission982,demand_electricity,sink_use_equals,,0.0
LVEtransmission983,demand_electricity,sink_use_equals,,0.0
LVEtransmission984,demand_electricity,sink_use_equals,,0.0
LVEtransmission985,demand_electricity,sink_use_equals,,0.0
LVEtransmission986,demand_electricity,sink_use_equals,,0.0
LVEtransmission987,demand_electricity,sink_use_equals,,0.0
LVEtransmission988,demand_electricity,sink_use_equals,,0.0
LVEtransmission989,demand_electricity,sink_use_equals,,0.0
LVEtransmission990,demand_electricity,sink_use_equals,,0.0
LVEtransmission991,demand_electricity,sink_use_equals,,0.0
LVEtransmission992,demand_electricity,sink_use_equals,,0.0
LVEtransmission993,demand_electricity,sink_use_equals,,0.0
LVEtransmission994,demand_electricity,sink_use_equals,,0.0
LVEtransmission995,demand_electricity,sink_use_equals,,0.0
LVEtransmission996,demand_electricity,sink_use_equals,,0.0
LVEtransmission997,demand_electricity,sink_use_equals,,0.0
LVEtransmission998,demand_electricity,sink_use_equals,,0.0
LVEtransmission999,demand_electricity,sink_use_equals,,0.0
LVEtransmission1000,demand_electricity,sink_use_equals,,0.0
LVEtransmission1001,demand_electricity,sink_use_equals,,0.0
LVEtransmission1002,demand_electricity,sink_use_equals,,0.0
LVEtransmission1003,demand_electricity,sink_use_equals,,0.0
LVEtransmission1004,demand_electricity,sink_use_equals,,0.0
LVEtransmission1005,demand_electricity,sink_use_equals,,0.0
LVEtransmission1006,demand_electricity,sink_use_equals,,0.0
LVEtransmission1007,demand_electricity,sink_use_equals,,0.0
LVEtransmission1008,demand_electricity,sink_use_equals,,0.0
LVEtransmission1009,demand_electricity,sink_use_equals,,0.0
LVEtransmission1010,demand_electricity,sink_use_equals,,0.0
LVEtransmission1011,demand_electricity,sink_use_equals,,0.0
LVEtransmission1012,demand_electricity,sink_use_equals,,0.0
LVEtransmission1013,demand_electricity,sink_use_equals,,0.0
LVEtransmission1014,demand_electricity,sink_use_equals,,0.0
LVEtransmission1015,demand_electricity,sink_use_equals,,0.0
LVEtransmission1016,demand_electricity,sink_use_equals,,0.0
LVEtransmission1017,demand_electricity,sink_use_equals,,0.0
LVEtransmission1018,demand_electricity,sink_use_equals,,0.0
LVEtransmission1019,demand_electricity,sink_use_equals,,0.0
LVEtransmission1020,demand_electricity,sink_use_equals,,0.0
LVEtransmission1021,demand_electricity,sink_use_equals,,0.0
LVEtransmission1022,demand_electricity,sink_use_equals,,0.0
LVEtransmission1023,demand_electricity,sink_use_equals,,0.0
LVEtransmission1024,demand_electricity,sink_use_equals,,0.0
LVEtransmission1025,demand_electricity,sink_use_equals,,0.0
LVEtransmission1026,demand_electricity,sink_use_equals,,0.0
LVEtransmission1027,demand_electricity,sink_use_equals,,0.0
LVEtransmission1028,demand_electricity,sink_use_equals,,0.0
LVEtransmission1029,demand_electricity,sink_use_equals,,0.0
LVEtransmission1030,demand_electricity,sink_use_equals,,0.0
LVEtransmission1031,demand_electricity,sink_use_equals,,0.0
LVEtransmission1032,demand_electricity,sink_use_equals,,0.0
LVEtransmission1033,demand_electricity,sink_use_equals,,0.0
LVEtransmission1034,demand_electricity,sink_use_equals,,0.0
LVEtransmission1035,demand_electricity,sink_use_equals,,0.0
LVEtransmission1036,demand_electricity,sink_use_equals,,0.0
LVEtransmission1037,demand_electricity,sink_use_equals,,0.0
LVEtransmission1038,demand_electricity,sink_use_equals,,0.0
LVEtransmission1039,demand_electricity,sink_use_equals,,0.0
LVEtransmission1040,demand_electricity,sink_use_equals,,0.0
LVEtransmission1041,demand_electricity,sink_use_equals,,0.0
LVEtransmission1042,demand_electricity,sink_use_equals,,0.0
LVEtransmission1043,demand_electricity,sink_use_equals,,0.0
LVEtransmission1044,demand_electricity,sink_use_equals,,0.0
LVEtransmission1045,demand_electricity,sink_use_equals,,0.0
LVEtransmission1046,demand_electricity,sink_use_equals,,0.0
LVEtransmission1047,demand_electricity,sink_use_equals,,0.0
LVEtransmission1048,demand_electricity,sink_use_equals,,0.0
LVEtransmission1049,demand_electricity,sink_use_equals,,0.0
LVEtransmission1050,demand_electricity,sink_use_equals,,0.0
LVEtransmission1051,demand_electricity,sink_use_equals,,0.0
LVEtransmission1052,demand_electricity,sink_use_equals,,0.0
LVEtransmission1053,demand_electricity,sink_use_equals,,0.0
LVEtransmission1054,demand_electricity,sink_use_equals,,0.0
LVEtransmission1055,demand_electricity,sink_use_equals,,0.0
LVEtransmission1056,demand_electricity,sink_use_equals,,0.0
LVEtransmission1057,demand_electricity,sink_use_equals,,0.0
LVEtransmission1058,demand_electricity,sink_use_equals,,0.0
LVEtransmission1059,demand_electricity,sink_use_equals,,0.0
LVEtransmission1060,demand_electricity,sink_use_equals,,0.0
LVEtransmission1061,demand_electricity,sink_use_equals,,0.0
LVEtransmission1062,demand_electricity,sink_use_equals,,0.0
LVEtransmission1063,demand_electricity,sink_use_equals,,0.0
LVEtransmission1064,demand_electricity,sink_use_equals,,0.0
LVEtransmission1065,demand_electricity,sink_use_equals,,0.0
LVEtransmission1066,demand_electricity,sink_use_equals,,0.0
LVEtransmission1067,demand_electricity,sink_use_equals,,0.0
LVEtransmission1068,demand_electricity,sink_use_equals,,0.0
LVEtransmission1069,demand_electricity,sink_use_equals,,0.0
LVEtransmission1070,demand_electricity,sink_use_equals,,0.0
LVEtransmission1071,demand_electricity,sink_use_equals,,0.0
LVEtransmission1072,demand_electricity,sink_use_equals,,0.0
LVEtransmission1073,demand_electricity,sink_use_equals,,0.0
LVEtransmission1074,demand_electricity,sink_use_equals,,0.0
LVEtransmission1075,demand_electricity,sink_use_equals,,0.0
LVEtransmission1076,demand_electricity,sink_use_equals,,0.0
LVEtransmission1077,demand_electricity,sink_use_equals,,0.0
LVEtransmission1078,demand_electricity,sink_use_equals,,0.0
LVEtransmission1079,demand_electricity,sink_use_equals,,0.0
LVEtransmission1080,demand_electricity,sink_use_equals,,0.0
LVEtransmission1081,demand_electricity,sink_use_equals,,0.0
LVEtransmission1082,demand_electricity,sink_use_equals,,0.0
LVEtransmission1083,demand_electricity,sink_use_equals,,0.0
LVEtransmission1084,demand_electricity,sink_use_equals,,0.0
LVEtransmission1085,demand_electricity,sink_use_equals,,0.0
LVEtransmission1086,demand_electricity,sink_use_equals,,0.0
LVEtransmission1087,demand_electricity,sink_use_equals,,0.0
LVEtransmission1088,demand_electricity,sink_use_equals,,0.0
LVEtransmission1089,demand_electricity,sink_use_equals,,0.0
LVEtransmission1090,demand_electricity,sink_use_equals,,0.0
LVEtransmission1091,demand_electricity,sink_use_equals,,0.0
LVEtransmission1092,demand_electricity,sink_use_equals,,0.0
LVEtransmission1093,demand_electricity,sink_use_equals,,0.0
LVEtransmission1094,demand_electricity,sink_use_equals,,0.0
LVEtransmission1095,demand_electricity,sink_use_equals,,0.0
LVEtransmission1096,demand_electricity,sink_use_equals,,0.0
LVEtransmission1097,demand_electricity,sink_use_equals,,0.0
LVEtransmission1098,demand_electricity,sink_use_equals,,0.0
LVEtransmission1099,demand_electricity,sink_use_equals,,0.0
LVEtransmission1100,demand_electricity,sink_use_equals,,0.0
LVEtransmission1101,demand_electricity,sink_use_equals,,0.0
LVEtransmission1102,demand_electricity,sink_use_equals,,0.0
LVEtransmission1103,demand_electricity,sink_use_equals,,0.0
LVEtransmission1104,demand_electricity,sink_use_equals,,0.0
LVEtransmission1105,demand_electricity,sink_use_equals,,0.0
LVEtransmission1106,demand_electricity,sink_use_equals,,0.0
LVEtransmission1107,demand_electricity,sink_use_equals,,0.0
LVEtransmission1108,demand_electricity,sink_use_equals,,0.0
LVEtransmission1109,demand_electricity,sink_use_equals,,0.0
LVEtransmission1110,demand_electricity,sink_use_equals,,0.0
LVEtransmission1111,demand_electricity,sink_use_equals,,0.0
LVEtransmission1112,demand_electricity,sink_use_equals,,0.0
LVEtransmission1113,demand_electricity,sink_use_equals,,0.0
LVEtransmission1114,demand_electricity,sink_use_equals,,0.0
LVEtransmission1115,demand_electricity,sink_use_equals,,0.0
LVEtransmission1116,demand_electricity,sink_use_equals,,0.0
LVEtransmission1117,demand_electricity,sink_use_equals,,0.0
LVEtransmission1118,demand_electricity,sink_use_equals,,0.0
LVEtransmission1119,demand_electricity,sink_use_equals,,0.0
LVEtransmission1120,demand_electricity,sink_use_equals,,0.0
LVEtransmission1121,demand_electricity,sink_use_equals,,0.0
LVEtransmission1122,demand_electricity,sink_use_equals,,0.0
LVEtransmission1123,demand_electricity,sink_use_equals,,0.0
LVEtransmission1124,demand_electricity,sink_use_equals,,0.0
LVEtransmission1125,demand_electricity,sink_use_equals,,0.0
LVEtransmission1126,demand_electricity,sink_use_equals,,0.0
LVEtransmission1127,demand_electricity,sink_use_equals,,0.0
LVEtransmission1128,demand_electricity,sink_use_equals,,0.0
LVEtransmission1129,demand_electricity,sink_use_equals,,0.0
LVEtransmission1130,demand_electricity,sink_use_equals,,0.0
LVEtransmission1131,demand_electricity,sink_use_equals,,0.0
LVEtransmission1132,demand_electricity,sink_use_equals,,0.0
LVEtransmission1133,demand_electricity,sink_use_equals,,0.0
LVEtransmission1134,demand_electricity,sink_use_equals,,0.0
LVEtransmission1135,demand_electricity,sink_use_equals,,0.0
LVEtransmission1136,demand_electricity,sink_use_equals,,0.0
LVEtransmission1137,demand_electricity,sink_use_equals,,0.0
LVEtransmission1138,demand_electricity,sink_use_equals,,0.0
LVEtransmission1139,demand_electricity,sink_use_equals,,0.0
LVEtransmission1140,demand_electricity,sink_use_equals,,0.0
LVEtransmission1141,demand_electricity,sink_use_equals,,0.0
LVEtransmission1142,demand_electricity,sink_use_equals,,0.0
LVEtransmission1143,demand_electricity,sink_use_equals,,0.0
LVEtransmission1144,demand_electricity,sink_use_equals,,0.0
LVEtransmission1145,demand_electricity,sink_use_equals,,0.0
LVEtransmission1146,demand_electricity,sink_use_equals,,0.0
LVEtransmission1147,demand_electricity,sink_use_equals,,0.0
LVEtransmission1148,demand_electricity,sink_use_equals,,0.0
LVEtransmission1149,demand_electricity,sink_use_equals,,0.0
LVEtransmission1150,demand_electricity,sink_use_equals,,0.0
LVEtransmission1151,demand_electricity,sink_use_equals,,0.0
LVEtransmission1152,demand_electricity,sink_use_equals,,0.0
LVEtransmission1153,demand_electricity,sink_use_equals,,0.0
LVEtransmission1154,demand_electricity,sink_use_equals,,0.0
LVEtransmission1155,demand_electricity,sink_use_equals,,0.0
LVEtransmission1156,demand_electricity,sink_use_equals,,0.0
LVEtransmission1157,demand_electricity,sink_use_equals,,0.0
LVEtransmission1158,demand_electricity,sink_use_equals,,0.0
LVEtransmission1159,demand_electricity,sink_use_equals,,0.0
LVEtransmission1160,demand_electricity,sink_use_equals,,0.0
LVEtransmission1161,demand_electricity,sink_use_equals,,0.0
LVEtransmission1162,demand_electricity,sink_use_equals,,0.0
LVEtransmission1163,demand_electricity,sink_use_equals,,0.0
LVEtransmission1164,demand_electricity,sink_use_equals,,0.0
LVEtransmission1165,demand_electricity,sink_use_equals,,0.0
LVEtransmission1166,demand_electricity,sink_use_equals,,0.0
LVEtransmission1167,demand_electricity,sink_use_equals,,0.0
LVEtransmission1168,demand_electricity,sink_use_equals,,0.0
LVEtransmission1169,demand_electricity,sink_use_equals,,0.0
LVEtransmission1170,demand_electricity,sink_use_equals,,0.0
LVEtransmission1171,demand_electricity,sink_use_equals,,0.0
LVEtransmission1172,demand_electricity,sink_use_equals,,0.0
LVEtransmission1173,demand_electricity,sink_use_equals,,0.0
LVEtransmission1174,demand_electricity,sink_use_equals,,0.0
LVEtransmission1175,demand_electricity,sink_use_equals,,0.0
LVEtransmission1176,demand_electricity,sink_use_equals,,0.0
LVEtransmission1177,demand_electricity,sink_use_equals,,0.0
LVEtransmission1178,demand_electricity,sink_use_equals,,0.0
LVEtransmission1179,demand_electricity,sink_use_equals,,0.0
LVEtransmission1180,demand_electricity,sink_use_equals,,0.0
LVEtransmission1181,demand_electricity,sink_use_equals,,0.0
LVEtransmission1182,demand_electricity,sink_use_equals,,0.0
LVEtransmission1183,demand_electricity,sink_use_equals,,0.0
LVEtransmission1184,demand_electricity,sink_use_equals,,0.0
LVEtransmission1185,demand_electricity,sink_use_equals,,0.0
LVEtransmission1186,demand_electricity,sink_use_equals,,0.0
LVEtransmission1187,demand_electricity,sink_use_equals,,0.0
LVEtransmission1188,demand_electricity,sink_use_equals,,0.0
LVEtransmission1189,demand_electricity,sink_use_equals,,0.0
LVEtransmission1190,demand_electricity,sink_use_equals,,0.0
LVEtransmission1191,demand_electricity,sink_use_equals,,0.0
LVEtransmission1192,demand_electricity,sink_use_equals,,0.0
LVEtransmission1193,demand_electricity,sink_use_equals,,0.0
LVEtransmission1194,demand_electricity,sink_use_equals,,0.0
LVEtransmission1195,demand_electricity,sink_use_equals,,0.0
LVEtransmission1196,demand_electricity,sink_use_equals,,0.0
LVEtransmission1197,demand_electricity,sink_use_equals,,0.0
LVEtransmission1198,demand_electricity,sink_use_equals,,0.0
LVEtransmission1199,demand_electricity,sink_use_equals,,0.0
LVEtransmission1200,demand_electricity,sink_use_equals,,0.0
LVEtransmission1201,demand_electricity,sink_use_equals,,0.0
LVEtransmission1202,demand_electricity,sink_use_equals,,0.0
LVEtransmission1203,demand_electricity,sink_use_equals,,0.0
LVEtransmission1204,demand_electricity,sink_use_equals,,0.0
LVEtransmission1205,demand_electricity,sink_use_equals,,0.0
LVEtransmission1206,demand_electricity,sink_use_equals,,0.0
LVEtransmission1207,demand_electricity,sink_use_equals,,0.0
LVEtransmission1208,demand_electricity,sink_use_equals,,0.0
LVEtransmission1209,demand_electricity,sink_use_equals,,0.0
LVEtransmission1210,demand_electricity,sink_use_equals,,0.0
LVEtransmission1211,demand_electricity,sink_use_equals,,0.0
LVEtransmission1212,demand_electricity,sink_use_equals,,0.0
LVEtransmission1213,demand_electricity,sink_use_equals,,0.0
LVEtransmission1214,demand_electricity,sink_use_equals,,0.0
LVEtransmission1215,demand_electricity,sink_use_equals,,0.0
LVEtransmission1216,demand_electricity,sink_use_equals,,0.0
LVEtransmission1217,demand_electricity,sink_use_equals,,0.0
LVEtransmission1218,demand_electricity,sink_use_equals,,0.0
LVEtransmission1219,demand_electricity,sink_use_equals,,0.0
LVEtransmission1220,demand_electricity,sink_use_equals,,0.0
LVEtransmission1221,demand_electricity,sink_use_equals,,0.0
LVEtransmission1222,demand_electricity,sink_use_equals,,0.0
LVEtransmission1223,demand_electricity,sink_use_equals,,0.0
LVEtransmission1224,demand_electricity,sink_use_equals,,0.0
LVEtransmission1225,demand_electricity,sink_use_equals,,0.0
LVEtransmission1226,demand_electricity,sink_use_equals,,0.0
LVEtransmission1227,demand_electricity,sink_use_equals,,0.0
LVEtransmission1228,demand_electricity,sink_use_equals,,0.0
LVEtransmission1229,demand_electricity,sink_use_equals,,0.0
LVEtransmission1230,demand_electricity,sink_use_equals,,0.0
LVEtransmission1231,demand_electricity,sink_use_equals,,0.0
LVEtransmission1232,demand_electricity,sink_use_equals,,0.0
LVEtransmission1233,demand_electricity,sink_use_equals,,0.0
LVEtransmission1234,demand_electricity,sink_use_equals,,0.0
LVEtransmission1235,demand_electricity,sink_use_equals,,0.0
LVEtransmission1236,demand_electricity,sink_use_equals,,0.0
LVEtransmission1237,demand_electricity,sink_use_equals,,0.0
LVEtransmission1238,demand_electricity,sink_use_equals,,0.0
LVEtransmission1239,demand_electricity,sink_use_equals,,0.0
LVEtransmission1240,demand_electricity,sink_use_equals,,0.0
LVEtransmission1241,demand_electricity,sink_use_equals,,0.0
LVEtransmission1242,demand_electricity,sink_use_equals,,0.0
LVEtransmission1243,demand_electricity,sink_use_equals,,0.0
LVEtransmission1244,demand_electricity,sink_use_equals,,0.0
LVEtransmission1245,demand_electricity,sink_use_equals,,0.0
LVEtransmission1246,demand_electricity,sink_use_equals,,0.0
LVEtransmission1247,demand_electricity,sink_use_equals,,0.0
LVEtransmission1248,demand_electricity,sink_use_equals,,0.0
LVEtransmission1249,demand_electricity,sink_use_equals,,0.0
LVEtransmission1250,demand_electricity,sink_use_equals,,0.0
LVEtransmission1251,demand_electricity,sink_use_equals,,0.0
LVEtransmission1252,demand_electricity,sink_use_equals,,0.0
LVEtransmission1253,demand_electricity,sink_use_equals,,0.0
LVEtransmission1254,demand_electricity,sink_use_equals,,0.0
LVEtransmission1255,demand_electricity,sink_use_equals,,0.0
LVEtransmission1256,demand_electricity,sink_use_equals,,0.0
LVEtransmission1257,demand_electricity,sink_use_equals,,0.0
LVEtransmission1258,demand_electricity,sink_use_equals,,0.0
LVEtransmission1259,demand_electricity,sink_use_equals,,0.0
LVEtransmission1260,demand_electricity,sink_use_equals,,0.0
LVEtransmission1261,demand_electricity,sink_use_equals,,0.0
LVEtransmission1262,demand_electricity,sink_use_equals,,0.0
LVEtransmission1263,demand_electricity,sink_use_equals,,0.0
LVEtransmission1264,demand_electricity,sink_use_equals,,0.0
LVEtransmission1265,demand_electricity,sink_use_equals,,0.0
LVEtransmission1266,demand_electricity,sink_use_equals,,0.0
LVEtransmission1267,demand_electricity,sink_use_equals,,0.0
LVEtransmission1268,demand_electricity,sink_use_equals,,0.0
LVEtransmission1269,demand_electricity,sink_use_equals,,0.0
LVEtransmission1270,demand_electricity,sink_use_equals,,0.0
LVEtransmission1271,demand_electricity,sink_use_equals,,0.0
LVEtransmission1272,demand_electricity,sink_use_equals,,0.0
LVEtransmission1273,demand_electricity,sink_use_equals,,0.0
LVEtransmission1274,demand_electricity,sink_use_equals,,0.0
LVEtransmission1275,demand_electricity,sink_use_equals,,0.0
LVEtransmission1276,demand_electricity,sink_use_equals,,0.0
LVEtransmission1277,demand_electricity,sink_use_equals,,0.0
LVEtransmission1278,demand_electricity,sink_use_equals,,0.0
LVEtransmission1279,demand_electricity,sink_use_equals,,0.0
LVEtransmission1280,demand_electricity,sink_use_equals,,0.0
LVEtransmission1281,demand_electricity,sink_use_equals,,0.0
LVEtransmission1282,demand_electricity,sink_use_equals,,0.0
LVEtransmission1283,demand_electricity,sink_use_equals,,0.0
LVEtransmission1284,demand_electricity,sink_use_equals,,0.0
LVEtransmission1285,demand_electricity,sink_use_equals,,0.0
LVEtransmission1286,demand_electricity,sink_use_equals,,0.0
LVEtransmission1287,demand_electricity,sink_use_equals,,0.0
LVEtransmission1288,demand_electricity,sink_use_equals,,0.0
LVEtransmission1289,demand_electricity,sink_use_equals,,0.0
LVEtransmission1290,demand_electricity,sink_use_equals,,0.0
LVEtransmission1291,demand_electricity,sink_use_equals,,0.0
LVEtransmission1292,demand_electricity,sink_use_equals,,0.0
LVEtransmission1293,demand_electricity,sink_use_equals,,0.0
LVEtransmission1294,demand_electricity,sink_use_equals,,0.0
LVEtransmission1295,demand_electricity,sink_use_equals,,0.0
LVEtransmission1296,demand_electricity,sink_use_equals,,0.0
LVEtransmission1297,demand_electricity,sink_use_equals,,0.0
LVEtransmission1298,demand_electricity,sink_use_equals,,0.0
LVEtransmission1299,demand_electricity,sink_use_equals,,0.0
LVEtransmission1300,demand_electricity,sink_use_equals,,0.0
LVEtransmission1301,demand_electricity,sink_use_equals,,0.0
LVEtransmission1302,demand_electricity,sink_use_equals,,0.0
LVEtransmission1303,demand_electricity,sink_use_equals,,0.0
LVEtransmission1304,demand_electricity,sink_use_equals,,0.0
LVEtransmission1305,demand_electricity,sink_use_equals,,0.0
LVEtransmission1306,demand_electricity,sink_use_equals,,0.0
LVEtransmission1307,demand_electricity,sink_use_equals,,0.0
LVEtransmission1308,demand_electricity,sink_use_equals,,0.0
LVEtransmission1309,demand_electricity,sink_use_equals,,0.0
LVEtransmission1310,demand_electricity,sink_use_equals,,0.0
LVEtransmission1311,demand_electricity,sink_use_equals,,0.0
LVEtransmission1312,demand_electricity,sink_use_equals,,0.0
LVEtransmission1313,demand_electricity,sink_use_equals,,0.0
LVEtransmission1314,demand_electricity,sink_use_equals,,0.0
LVEtransmission1315,demand_electricity,sink_use_equals,,0.0
LVEtransmission1316,demand_electricity,sink_use_equals,,0.0
LVEtransmission1317,demand_electricity,sink_use_equals,,0.0
LVEtransmission1318,demand_electricity,sink_use_equals,,0.0
LVEtransmission1319,demand_electricity,sink_use_equals,,0.0
LVEtransmission1320,demand_electricity,sink_use_equals,,0.0
LVEtransmission1321,demand_electricity,sink_use_equals,,0.0
LVEtransmission1322,demand_electricity,sink_use_equals,,0.0
LVEtransmission1323,demand_electricity,sink_use_equals,,0.0
LVEtransmission1324,demand_electricity,sink_use_equals,,0.0
LVEtransmission1325,demand_electricity,sink_use_equals,,0.0
LVEtransmission1326,demand_electricity,sink_use_equals,,0.0
LVEtransmission1327,demand_electricity,sink_use_equals,,0.0
LVEtransmission1328,demand_electricity,sink_use_equals,,0.0
LVEtransmission1329,demand_electricity,sink_use_equals,,0.0
LVEtransmission1330,demand_electricity,sink_use_equals,,0.0
LVEtransmission1331,demand_electricity,sink_use_equals,,0.0
LVEtransmission1332,demand_electricity,sink_use_equals,,0.0
LVEtransmission1333,demand_electricity,sink_use_equals,,0.0
LVEtransmission1334,demand_electricity,sink_use_equals,,0.0
LVEtransmission1335,demand_electricity,sink_use_equals,,0.0
LVEtransmission1336,demand_electricity,sink_use_equals,,0.0
LVEtransmission1337,demand_electricity,sink_use_equals,,0.0
LVEtransmission1338,demand_electricity,sink_use_equals,,0.0
LVEtransmission1339,demand_electricity,sink_use_equals,,0.0
LVEtransmission1340,demand_electricity,sink_use_equals,,0.0
LVEtransmission1341,demand_electricity,sink_use_equals,,0.0
LVEtransmission1342,demand_electricity,sink_use_equals,,0.0
LVEtransmission1343,demand_electricity,sink_use_equals,,0.0
LVEtransmission1344,demand_electricity,sink_use_equals,,0.0
LVEtransmission1345,demand_electricity,sink_use_equals,,0.0
LVEtransmission1346,demand_electricity,sink_use_equals,,0.0
LVEtransmission1347,demand_electricity,sink_use_equals,,0.0
LVEtransmission1348,demand_electricity,sink_use_equals,,0.0
LVEtransmission1349,demand_electricity,sink_use_equals,,0.0
LVEtransmission1350,demand_electricity,sink_use_equals,,0.0
LVEtransmission1351,demand_electricity,sink_use_equals,,0.0
LVEtransmission1352,demand_electricity,sink_use_equals,,0.0
LVEtransmission1353,demand_electricity,sink_use_equals,,0.0
LVEtransmission1354,demand_electricity,sink_use_equals,,0.0
LVEtransmission1355,demand_electricity,sink_use_equals,,0.0
LVEtransmission1356,demand_electricity,sink_use_equals,,0.0
LVEtransmission1357,demand_electricity,sink_use_equals,,0.0
LVEtransmission1358,demand_electricity,sink_use_equals,,0.0
LVEtransmission1359,demand_electricity,sink_use_equals,,0.0
LVEtransmission1360,demand_electricity,sink_use_equals,,0.0
LVEtransmission1361,demand_electricity,sink_use_equals,,0.0
LVEtransmission1362,demand_electricity,sink_use_equals,,0.0
LVEtransmission1363,demand_electricity,sink_use_equals,,0.0
LVEtransmission1364,demand_electricity,sink_use_equals,,0.0
LVEtransmission1365,demand_electricity,sink_use_equals,,0.0
LVEtransmission1366,demand_electricity,sink_use_equals,,0.0
LVEtransmission1367,demand_electricity,sink_use_equals,,0.0
LVEtransmission1368,demand_electricity,sink_use_equals,,0.0
LVEtransmission1369,demand_electricity,sink_use_equals,,0.0
LVEtransmission1370,demand_electricity,sink_use_equals,,0.0
LVEtransmission1371,demand_electricity,sink_use_equals,,0.0
LVEtransmission1372,demand_electricity,sink_use_equals,,0.0
LVEtransmission1373,demand_electricity,sink_use_equals,,0.0
LVEtransmission1374,demand_electricity,sink_use_equals,,0.0
LVEtransmission1375,demand_electricity,sink_use_equals,,0.0
LVEtransmission1376,demand_electricity,sink_use_equals,,0.0
LVEtransmission1377,demand_electricity,sink_use_equals,,0.0
LVEtransmission1378,demand_electricity,sink_use_equals,,0.0
LVEtransmission1379,demand_electricity,sink_use_equals,,0.0
LVEtransmission1380,demand_electricity,sink_use_equals,,0.0
LVEtransmission1381,demand_electricity,sink_use_equals,,0.0
LVEtransmission1382,demand_electricity,sink_use_equals,,0.0
LVEtransmission1383,demand_electricity,sink_use_equals,,0.0
LVEtransmission1384,demand_electricity,sink_use_equals,,0.0
LVEtransmission1385,demand_electricity,sink_use_equals,,0.0
LVEtransmission1386,demand_electricity,sink_use_equals,,0.0
LVEtransmission1387,demand_electricity,sink_use_equals,,0.0
LVEtransmission1388,demand_electricity,sink_use_equals,,0.0
LVEtransmission1389,demand_electricity,sink_use_equals,,0.0
LVEtransmission1390,demand_electricity,sink_use_equals,,0.0
LVEtransmission1391,demand_electricity,sink_use_equals,,0.0
LVEtransmission1392,demand_electricity,sink_use_equals,,0.0
LVEtransmission1393,demand_electricity,sink_use_equals,,0.0
LVEtransmission1394,demand_electricity,sink_use_equals,,0.0
LVEtransmission1395,demand_electricity,sink_use_equals,,0.0
LVEtransmission1396,demand_electricity,sink_use_equals,,0.0
LVEtransmission1397,demand_electricity,sink_use_equals,,0.0
LVEtransmission1398,demand_electricity,sink_use_equals,,0.0
LVEtransmission1399,demand_electricity,sink_use_equals,,0.0
LVEtransmission1400,demand_electricity,sink_use_equals,,0.0
LVEtransmission1401,demand_electricity,sink_use_equals,,0.0
LVEtransmission1402,demand_electricity,sink_use_equals,,0.0
LVEtransmission1403,demand_electricity,sink_use_equals,,0.0
LVEtransmission1404,demand_electricity,sink_use_equals,,0.0
LVEtransmission1405,demand_electricity,sink_use_equals,,0.0
LVEtransmission1406,demand_electricity,sink_use_equals,,0.0
LVEtransmission1407,demand_electricity,sink_use_equals,,0.0
LVEtransmission1408,demand_electricity,sink_use_equals,,0.0
LVEtransmission1409,demand_electricity,sink_use_equals,,0.0
LVEtransmission1410,demand_electricity,sink_use_equals,,0.0
LVEtransmission1411,demand_electricity,sink_use_equals,,0.0
LVEtransmission1412,demand_electricity,sink_use_equals,,0.0
LVEtransmission1413,demand_electricity,sink_use_equals,,0.0
LVEtransmission1414,demand_electricity,sink_use_equals,,0.0
LVEtransmission1415,demand_electricity,sink_use_equals,,0.0
LVEtransmission1416,demand_electricity,sink_use_equals,,0.0
LVEtransmission1417,demand_electricity,sink_use_equals,,0.0
LVEtransmission1418,demand_electricity,sink_use_equals,,0.0
LVEtransmission1419,demand_electricity,sink_use_equals,,0.0
LVEtransmission1420,demand_electricity,sink_use_equals,,0.0
LVEtransmission1421,demand_electricity,sink_use_equals,,0.0
LVEtransmission1422,demand_electricity,sink_use_equals,,0.0
LVEtransmission1423,demand_electricity,sink_use_equals,,0.0
LVEtransmission1424,demand_electricity,sink_use_equals,,0.0
LVEtransmission1425,demand_electricity,sink_use_equals,,0.0
LVEtransmission1426,demand_electricity,sink_use_equals,,0.0
substation_poptahofzuid,heat_main,sink_use_equals,,0.0
