techs,cost_flow_cap_per_distance
geothermie_delft_to_warmtenet1,100
warmtenet1_to_warmtenet2,100
warmtenet2_to_warmtenet3,100
warmtenet3_to_warmtenet4,100
warmtenet4_to_warmtenet5,100
warmtenet5_to_warmtenet6,100
warmtenet6_to_warmtenet7,100
warmtenet7_to_warmtenet8,100
warmtenet8_to_warmtenet9,100
warmtenet9_to_warmtenet10,100
warmtenet10_to_warmtenet11,100
warmtenet11_to_warmtenet12,100
warmtenet4_to_warmtenet13,100
warmtenet13_to_warmtenet14,100
warmtenet14_to_warmtenet15,100
LVEtransmission778_to_LVEtransmission357_electricity,100
LVEtransmission357_to_LVEtransmission260_electricity,100
LVEtransmission260_to_LVEtransmission1010_electricity,100
LVEtransmission1010_to_LVEtransmission640_electricity,100
LVEtransmission640_to_LVEtransmission353_electricity,100
LVEtransmission353_to_LVEtransmission601_electricity,100
LVEtransmission601_to_LVEtransmission84_electricity,100
LVEtransmission84_to_LVEtransmission637_electricity,100
LVEtransmission443_to_LVEtransmission529_electricity,100
LVEtransmission529_to_LVEtransmission1047_electricity,100
LVEtransmission1047_to_LVEtransmission719_electricity,100
LVEtransmission719_to_LVEtransmission941_electricity,100
LVEtransmission941_to_LVEtransmission862_electricity,100
LVEtransmission862_to_LVEtransmission643_electricity,100
LVEtransmission643_to_LVEtransmission376_electricity,100
LVEtransmission376_to_LVEtransmission673_electricity,100
LVEtransmission673_to_LVEtransmission385_electricity,100
LVEtransmission385_to_LVEtransmission756_electricity,100
LVEtransmission756_to_LVEtransmission403_electricity,100
LVEtransmission403_to_LVEtransmission206_electricity,100
LVEtransmission206_to_LVEtransmission979_electricity,100
LVEtransmission979_to_LVEtransmission687_electricity,100
LVEtransmission687_to_LVEtransmission311_electricity,100
LVEtransmission311_to_LVEtransmission434_electricity,100
LVEtransmission434_to_LVEtransmission878_electricity,100
LVEtransmission878_to_LVEtransmission736_electricity,100
LVEtransmission736_to_LVEtransmission651_electricity,100
LVEtransmission651_to_LVEtransmission1041_electricity,100
LVEtransmission1041_to_LVEtransmission562_electricity,100
LVEtransmission562_to_LVEtransmission863_electricity,100
LVEtransmission863_to_LVEtransmission381_electricity,100
LVEtransmission381_to_LVEtransmission792_electricity,100
LVEtransmission792_to_LVEtransmission1011_electricity,100
LVEtransmission1011_to_LVEtransmission327_electricity,100
LVEtransmission327_to_LVEtransmission181_electricity,100
LVEtransmission181_to_LVEtransmission555_electricity,100
LVEtransmission555_to_LVEtransmission903_electricity,100
LVEtransmission903_to_LVEtransmission449_electricity,100
LVEtransmission449_to_LVEtransmission1037_electricity,100
LVEtransmission1037_to_LVEtransmission503_electricity,100
LVEtransmission503_to_LVEtransmission152_electricity,100
LVEtransmission152_to_LVEtransmission1018_electricity,100
LVEtransmission1018_to_LVEtransmission53_electricity,100
LVEtransmission53_to_LVEtransmission75_electricity,100
LVEtransmission75_to_LVEtransmission535_electricity,100
LVEtransmission535_to_LVEtransmission602_electricity,100
LVEtransmission602_to_LVEtransmission965_electricity,100
LVEtransmission965_to_LVEtransmission821_electricity,100
LVEtransmission821_to_LVEtransmission1039_electricity,100
LVEtransmission1039_to_LVEtransmission787_electricity,100
LVEtransmission787_to_LVEtransmission495_electricity,100
LVEtransmission495_to_LVEtransmission615_electricity,100
LVEtransmission615_to_LVEtransmission121_electricity,100
LVEtransmission121_to_LVEtransmission846_electricity,100
LVEtransmission846_to_LVEtransmission1022_electricity,100
LVEtransmission1022_to_LVEtransmission362_electricity,100
LVEtransmission362_to_LVEtransmission754_electricity,100
LVEtransmission754_to_LVEtransmission22_electricity,100
LVEtransmission22_to_LVEtransmission443_electricity,100
LVEtransmission664_to_LVEtransmission865_electricity,100
LVEtransmission865_to_LVEtransmission812_electricity,100
LVEtransmission812_to_LVEtransmission195_electricity,100
LVEtransmission195_to_LVEtransmission980_electricity,100
LVEtransmission980_to_LVEtransmission858_electricity,100
LVEtransmission858_to_LVEtransmission653_electricity,100
LVEtransmission653_to_LVEtransmission810_electricity,100
LVEtransmission810_to_LVEtransmission895_electricity,100
LVEtransmission895_to_LVEtransmission894_electricity,100
LVEtransmission894_to_LVEtransmission414_electricity,100
LVEtransmission414_to_LVEtransmission285_electricity,100
LVEtransmission995_to_LVEtransmission492_electricity,100
LVEtransmission492_to_LVEtransmission216_electricity,100
LVEtransmission216_to_LVEtransmission82_electricity,100
LVEtransmission82_to_LVEtransmission106_electricity,100
LVEtransmission106_to_LVEtransmission509_electricity,100
LVEtransmission358_to_LVEtransmission974_electricity,100
LVEtransmission974_to_LVEtransmission131_electricity,100
LVEtransmission131_to_LVEtransmission116_electricity,100
LVEtransmission116_to_LVEtransmission636_electricity,100
LVEtransmission636_to_LVEtransmission454_electricity,100
LVEtransmission454_to_LVEtransmission1045_electricity,100
LVEtransmission1045_to_LVEtransmission512_electricity,100
LVEtransmission512_to_LVEtransmission948_electricity,100
LVEtransmission948_to_LVEtransmission294_electricity,100
LVEtransmission294_to_LVEtransmission972_electricity,100
LVEtransmission972_to_LVEtransmission442_electricity,100
LVEtransmission442_to_LVEtransmission10_electricity,100
LVEtransmission10_to_LVEtransmission62_electricity,100
LVEtransmission62_to_LVEtransmission896_electricity,100
LVEtransmission896_to_LVEtransmission415_electricity,100
LVEtransmission415_to_LVEtransmission118_electricity,100
LVEtransmission118_to_LVEtransmission970_electricity,100
LVEtransmission970_to_LVEtransmission324_electricity,100
LVEtransmission324_to_LVEtransmission115_electricity,100
LVEtransmission115_to_LVEtransmission401_electricity,100
LVEtransmission401_to_LVEtransmission370_electricity,100
LVEtransmission370_to_LVEtransmission668_electricity,100
LVEtransmission668_to_LVEtransmission430_electricity,100
LVEtransmission430_to_LVEtransmission872_electricity,100
LVEtransmission872_to_LVEtransmission666_electricity,100
LVEtransmission666_to_LVEtransmission1015_electricity,100
LVEtransmission1015_to_LVEtransmission807_electricity,100
LVEtransmission807_to_LVEtransmission881_electricity,100
LVEtransmission881_to_LVEtransmission728_electricity,100
LVEtransmission728_to_LVEtransmission850_electricity,100
LVEtransmission850_to_LVEtransmission384_electricity,100
LVEtransmission384_to_LVEtransmission893_electricity,100
LVEtransmission893_to_LVEtransmission318_electricity,100
LVEtransmission318_to_LVEtransmission823_electricity,100
LVEtransmission823_to_LVEtransmission956_electricity,100
LVEtransmission956_to_LVEtransmission41_electricity,100
LVEtransmission41_to_LVEtransmission628_electricity,100
LVEtransmission628_to_LVEtransmission1008_electricity,100
LVEtransmission1008_to_LVEtransmission202_electricity,100
LVEtransmission790_to_LVEtransmission576_electricity,100
LVEtransmission576_to_LVEtransmission753_electricity,100
LVEtransmission753_to_LVEtransmission388_electricity,100
LVEtransmission388_to_LVEtransmission534_electricity,100
LVEtransmission534_to_LVEtransmission723_electricity,100
LVEtransmission723_to_LVEtransmission153_electricity,100
LVEtransmission153_to_LVEtransmission200_electricity,100
LVEtransmission200_to_LVEtransmission659_electricity,100
LVEtransmission659_to_LVEtransmission521_electricity,100
LVEtransmission521_to_LVEtransmission655_electricity,100
LVEtransmission655_to_LVEtransmission432_electricity,100
LVEtransmission821_to_LVEtransmission345_electricity,100
LVEtransmission345_to_LVEtransmission19_electricity,100
LVEtransmission19_to_LVEtransmission265_electricity,100
LVEtransmission265_to_LVEtransmission88_electricity,100
LVEtransmission88_to_LVEtransmission728_electricity,100
LVEtransmission728_to_LVEtransmission256_electricity,100
LVEtransmission256_to_LVEtransmission419_electricity,100
LVEtransmission419_to_LVEtransmission49_electricity,100
LVEtransmission49_to_LVEtransmission263_electricity,100
LVEtransmission263_to_LVEtransmission935_electricity,100
LVEtransmission935_to_LVEtransmission328_electricity,100
LVEtransmission328_to_LVEtransmission444_electricity,100
LVEtransmission444_to_LVEtransmission166_electricity,100
LVEtransmission166_to_LVEtransmission292_electricity,100
LVEtransmission292_to_LVEtransmission618_electricity,100
LVEtransmission618_to_LVEtransmission359_electricity,100
LVEtransmission359_to_LVEtransmission440_electricity,100
LVEtransmission440_to_LVEtransmission410_electricity,100
LVEtransmission410_to_LVEtransmission559_electricity,100
LVEtransmission559_to_LVEtransmission904_electricity,100
LVEtransmission904_to_LVEtransmission885_electricity,100
LVEtransmission885_to_LVEtransmission961_electricity,100
LVEtransmission961_to_LVEtransmission945_electricity,100
LVEtransmission945_to_LVEtransmission665_electricity,100
LVEtransmission665_to_LVEtransmission701_electricity,100
LVEtransmission701_to_LVEtransmission813_electricity,100
LVEtransmission813_to_LVEtransmission411_electricity,100
LVEtransmission411_to_LVEtransmission513_electricity,100
LVEtransmission513_to_LVEtransmission193_electricity,100
LVEtransmission193_to_LVEtransmission490_electricity,100
LVEtransmission405_to_LVEtransmission638_electricity,100
LVEtransmission638_to_LVEtransmission538_electricity,100
LVEtransmission538_to_LVEtransmission68_electricity,100
LVEtransmission68_to_LVEtransmission447_electricity,100
LVEtransmission447_to_LVEtransmission984_electricity,100
LVEtransmission984_to_LVEtransmission937_electricity,100
LVEtransmission937_to_LVEtransmission104_electricity,100
LVEtransmission104_to_LVEtransmission763_electricity,100
LVEtransmission763_to_LVEtransmission262_electricity,100
LVEtransmission262_to_LVEtransmission1027_electricity,100
LVEtransmission1027_to_LVEtransmission140_electricity,100
LVEtransmission140_to_LVEtransmission312_electricity,100
LVEtransmission312_to_LVEtransmission1040_electricity,100
LVEtransmission756_to_LVEtransmission531_electricity,100
LVEtransmission531_to_LVEtransmission344_electricity,100
LVEtransmission344_to_LVEtransmission1038_electricity,100
LVEtransmission1038_to_LVEtransmission790_electricity,100
LVEtransmission790_to_LVEtransmission808_electricity,100
LVEtransmission808_to_LVEtransmission695_electricity,100
LVEtransmission695_to_LVEtransmission138_electricity,100
LVEtransmission138_to_LVEtransmission552_electricity,100
LVEtransmission552_to_LVEtransmission644_electricity,100
LVEtransmission644_to_LVEtransmission346_electricity,100
LVEtransmission346_to_LVEtransmission329_electricity,100
LVEtransmission329_to_LVEtransmission497_electricity,100
LVEtransmission497_to_LVEtransmission616_electricity,100
LVEtransmission616_to_LVEtransmission509_electricity,100
LVEtransmission81_to_LVEtransmission913_electricity,100
LVEtransmission913_to_LVEtransmission806_electricity,100
LVEtransmission806_to_LVEtransmission58_electricity,100
LVEtransmission58_to_LVEtransmission938_electricity,100
LVEtransmission938_to_LVEtransmission830_electricity,100
LVEtransmission830_to_LVEtransmission854_electricity,100
LVEtransmission854_to_LVEtransmission680_electricity,100
LVEtransmission680_to_LVEtransmission1033_electricity,100
LVEtransmission1033_to_LVEtransmission928_electricity,100
LVEtransmission928_to_LVEtransmission393_electricity,100
LVEtransmission393_to_LVEtransmission786_electricity,100
LVEtransmission786_to_LVEtransmission141_electricity,100
LVEtransmission141_to_LVEtransmission35_electricity,100
LVEtransmission35_to_LVEtransmission886_electricity,100
LVEtransmission886_to_LVEtransmission185_electricity,100
LVEtransmission185_to_LVEtransmission107_electricity,100
LVEtransmission107_to_LVEtransmission539_electricity,100
LVEtransmission539_to_LVEtransmission50_electricity,100
LVEtransmission50_to_LVEtransmission514_electricity,100
LVEtransmission514_to_LVEtransmission27_electricity,100
LVEtransmission27_to_LVEtransmission293_electricity,100
LVEtransmission293_to_LVEtransmission413_electricity,100
LVEtransmission413_to_LVEtransmission536_electricity,100
LVEtransmission536_to_LVEtransmission394_electricity,100
LVEtransmission394_to_LVEtransmission525_electricity,100
LVEtransmission525_to_LVEtransmission496_electricity,100
LVEtransmission496_to_LVEtransmission306_electricity,100
LVEtransmission306_to_LVEtransmission718_electricity,100
LVEtransmission718_to_LVEtransmission894_electricity,100
LVEtransmission894_to_LVEtransmission205_electricity,100
LVEtransmission205_to_LVEtransmission433_electricity,100
LVEtransmission433_to_LVEtransmission762_electricity,100
LVEtransmission762_to_LVEtransmission8_electricity,100
LVEtransmission8_to_LVEtransmission511_electricity,100
LVEtransmission511_to_LVEtransmission838_electricity,100
LVEtransmission838_to_LVEtransmission874_electricity,100
LVEtransmission874_to_LVEtransmission590_electricity,100
LVEtransmission590_to_LVEtransmission649_electricity,100
LVEtransmission649_to_LVEtransmission427_electricity,100
LVEtransmission427_to_LVEtransmission757_electricity,100
LVEtransmission757_to_LVEtransmission350_electricity,100
LVEtransmission350_to_LVEtransmission633_electricity,100
LVEtransmission633_to_LVEtransmission642_electricity,100
LVEtransmission642_to_LVEtransmission849_electricity,100
LVEtransmission849_to_LVEtransmission174_electricity,100
LVEtransmission174_to_LVEtransmission741_electricity,100
LVEtransmission741_to_LVEtransmission793_electricity,100
LVEtransmission793_to_LVEtransmission864_electricity,100
LVEtransmission864_to_LVEtransmission704_electricity,100
LVEtransmission704_to_LVEtransmission167_electricity,100
LVEtransmission167_to_LVEtransmission169_electricity,100
LVEtransmission169_to_LVEtransmission475_electricity,100
LVEtransmission475_to_LVEtransmission309_electricity,100
LVEtransmission309_to_LVEtransmission76_electricity,100
LVEtransmission76_to_LVEtransmission950_electricity,100
LVEtransmission950_to_LVEtransmission650_electricity,100
LVEtransmission650_to_LVEtransmission791_electricity,100
LVEtransmission791_to_LVEtransmission238_electricity,100
LVEtransmission238_to_LVEtransmission991_electricity,100
LVEtransmission991_to_LVEtransmission1043_electricity,100
LVEtransmission1043_to_LVEtransmission214_electricity,100
LVEtransmission214_to_LVEtransmission334_electricity,100
LVEtransmission334_to_LVEtransmission200_electricity,100
LVEtransmission200_to_LVEtransmission871_electricity,100
LVEtransmission871_to_LVEtransmission568_electricity,100
LVEtransmission568_to_LVEtransmission878_electricity,100
LVEtransmission776_to_LVEtransmission639_electricity,100
LVEtransmission639_to_LVEtransmission746_electricity,100
LVEtransmission746_to_LVEtransmission244_electricity,100
LVEtransmission244_to_LVEtransmission652_electricity,100
LVEtransmission652_to_LVEtransmission901_electricity,100
LVEtransmission901_to_LVEtransmission637_electricity,100
LVEtransmission509_to_LVEtransmission407_electricity,100
LVEtransmission407_to_LVEtransmission1004_electricity,100
LVEtransmission1004_to_LVEtransmission1_electricity,100
LVEtransmission1_to_LVEtransmission952_electricity,100
LVEtransmission952_to_LVEtransmission809_electricity,100
LVEtransmission809_to_LVEtransmission1021_electricity,100
LVEtransmission1021_to_LVEtransmission1029_electricity,100
LVEtransmission1029_to_LVEtransmission264_electricity,100
LVEtransmission264_to_LVEtransmission1049_electricity,100
LVEtransmission1049_to_LVEtransmission322_electricity,100
LVEtransmission322_to_LVEtransmission275_electricity,100
LVEtransmission275_to_LVEtransmission923_electricity,100
LVEtransmission923_to_LVEtransmission604_electricity,100
LVEtransmission604_to_LVEtransmission926_electricity,100
LVEtransmission926_to_LVEtransmission484_electricity,100
LVEtransmission484_to_LVEtransmission583_electricity,100
LVEtransmission583_to_LVEtransmission843_electricity,100
LVEtransmission843_to_LVEtransmission933_electricity,100
LVEtransmission933_to_LVEtransmission151_electricity,100
LVEtransmission151_to_LVEtransmission347_electricity,100
LVEtransmission347_to_LVEtransmission425_electricity,100
LVEtransmission425_to_LVEtransmission812_electricity,100
LVEtransmission812_to_LVEtransmission939_electricity,100
LVEtransmission939_to_LVEtransmission683_electricity,100
LVEtransmission683_to_LVEtransmission253_electricity,100
LVEtransmission253_to_LVEtransmission95_electricity,100
LVEtransmission95_to_LVEtransmission957_electricity,100
LVEtransmission957_to_LVEtransmission765_electricity,100
LVEtransmission765_to_LVEtransmission223_electricity,100
LVEtransmission223_to_LVEtransmission519_electricity,100
LVEtransmission519_to_LVEtransmission373_electricity,100
LVEtransmission373_to_LVEtransmission491_electricity,100
LVEtransmission491_to_LVEtransmission713_electricity,100
LVEtransmission713_to_LVEtransmission488_electricity,100
LVEtransmission488_to_LVEtransmission227_electricity,100
LVEtransmission227_to_LVEtransmission987_electricity,100
LVEtransmission987_to_LVEtransmission789_electricity,100
LVEtransmission789_to_LVEtransmission986_electricity,100
LVEtransmission986_to_LVEtransmission669_electricity,100
LVEtransmission266_to_LVEtransmission348_electricity,100
LVEtransmission348_to_LVEtransmission330_electricity,100
LVEtransmission330_to_LVEtransmission182_electricity,100
LVEtransmission182_to_LVEtransmission707_electricity,100
LVEtransmission707_to_LVEtransmission456_electricity,100
LVEtransmission456_to_LVEtransmission520_electricity,100
LVEtransmission520_to_LVEtransmission960_electricity,100
LVEtransmission960_to_LVEtransmission946_electricity,100
LVEtransmission946_to_LVEtransmission467_electricity,100
LVEtransmission467_to_LVEtransmission918_electricity,100
LVEtransmission918_to_LVEtransmission971_electricity,100
LVEtransmission971_to_LVEtransmission429_electricity,100
LVEtransmission429_to_LVEtransmission366_electricity,100
LVEtransmission366_to_LVEtransmission856_electricity,100
LVEtransmission856_to_LVEtransmission962_electricity,100
LVEtransmission962_to_LVEtransmission267_electricity,100
LVEtransmission267_to_LVEtransmission767_electricity,100
LVEtransmission767_to_LVEtransmission137_electricity,100
LVEtransmission137_to_LVEtransmission465_electricity,100
LVEtransmission465_to_LVEtransmission610_electricity,100
LVEtransmission610_to_LVEtransmission395_electricity,100
LVEtransmission395_to_LVEtransmission408_electricity,100
LVEtransmission408_to_LVEtransmission730_electricity,100
LVEtransmission730_to_LVEtransmission510_electricity,100
LVEtransmission510_to_LVEtransmission712_electricity,100
LVEtransmission712_to_LVEtransmission468_electricity,100
LVEtransmission468_to_LVEtransmission619_electricity,100
LVEtransmission619_to_LVEtransmission875_electricity,100
LVEtransmission875_to_LVEtransmission416_electricity,100
LVEtransmission416_to_LVEtransmission742_electricity,100
LVEtransmission742_to_LVEtransmission570_electricity,100
LVEtransmission570_to_LVEtransmission528_electricity,100
LVEtransmission528_to_LVEtransmission478_electricity,100
LVEtransmission478_to_LVEtransmission38_electricity,100
LVEtransmission38_to_LVEtransmission304_electricity,100
LVEtransmission304_to_LVEtransmission833_electricity,100
LVEtransmission833_to_LVEtransmission77_electricity,100
LVEtransmission77_to_LVEtransmission17_electricity,100
LVEtransmission17_to_LVEtransmission593_electricity,100
LVEtransmission593_to_LVEtransmission840_electricity,100
LVEtransmission840_to_LVEtransmission33_electricity,100
LVEtransmission33_to_LVEtransmission900_electricity,100
LVEtransmission900_to_LVEtransmission310_electricity,100
LVEtransmission310_to_LVEtransmission201_electricity,100
LVEtransmission201_to_LVEtransmission689_electricity,100
LVEtransmission689_to_LVEtransmission44_electricity,100
LVEtransmission44_to_LVEtransmission313_electricity,100
LVEtransmission313_to_LVEtransmission342_electricity,100
LVEtransmission342_to_LVEtransmission171_electricity,100
LVEtransmission171_to_LVEtransmission963_electricity,100
LVEtransmission963_to_LVEtransmission966_electricity,100
LVEtransmission966_to_LVEtransmission628_electricity,100
LVEtransmission628_to_LVEtransmission997_electricity,100
LVEtransmission997_to_LVEtransmission641_electricity,100
LVEtransmission641_to_LVEtransmission879_electricity,100
LVEtransmission879_to_LVEtransmission754_electricity,100
LVEtransmission94_to_LVEtransmission614_electricity,100
LVEtransmission645_to_LVEtransmission183_electricity,100
LVEtransmission183_to_LVEtransmission71_electricity,100
LVEtransmission71_to_LVEtransmission859_electricity,100
LVEtransmission859_to_LVEtransmission335_electricity,100
LVEtransmission335_to_LVEtransmission544_electricity,100
LVEtransmission544_to_LVEtransmission547_electricity,100
LVEtransmission547_to_LVEtransmission486_electricity,100
LVEtransmission486_to_LVEtransmission726_electricity,100
LVEtransmission726_to_LVEtransmission727_electricity,100
LVEtransmission727_to_LVEtransmission940_electricity,100
LVEtransmission940_to_LVEtransmission1005_electricity,100
LVEtransmission1005_to_LVEtransmission40_electricity,100
LVEtransmission40_to_LVEtransmission563_electricity,100
LVEtransmission563_to_LVEtransmission29_electricity,100
LVEtransmission29_to_LVEtransmission190_electricity,100
LVEtransmission190_to_LVEtransmission740_electricity,100
LVEtransmission740_to_LVEtransmission1017_electricity,100
LVEtransmission1017_to_LVEtransmission230_electricity,100
LVEtransmission230_to_LVEtransmission2_electricity,100
LVEtransmission2_to_LVEtransmission404_electricity,100
LVEtransmission404_to_LVEtransmission574_electricity,100
LVEtransmission574_to_LVEtransmission527_electricity,100
LVEtransmission527_to_LVEtransmission382_electricity,100
LVEtransmission382_to_LVEtransmission215_electricity,100
LVEtransmission215_to_LVEtransmission448_electricity,100
LVEtransmission448_to_LVEtransmission25_electricity,100
LVEtransmission25_to_LVEtransmission779_electricity,100
LVEtransmission779_to_LVEtransmission702_electricity,100
LVEtransmission702_to_LVEtransmission485_electricity,100
LVEtransmission485_to_LVEtransmission873_electricity,100
LVEtransmission873_to_LVEtransmission814_electricity,100
LVEtransmission814_to_LVEtransmission596_electricity,100
LVEtransmission596_to_LVEtransmission517_electricity,100
LVEtransmission517_to_LVEtransmission331_electricity,100
LVEtransmission331_to_LVEtransmission605_electricity,100
LVEtransmission605_to_LVEtransmission36_electricity,100
LVEtransmission36_to_LVEtransmission336_electricity,100
LVEtransmission336_to_LVEtransmission831_electricity,100
LVEtransmission831_to_LVEtransmission128_electricity,100
LVEtransmission128_to_LVEtransmission1003_electricity,100
LVEtransmission1003_to_LVEtransmission927_electricity,100
LVEtransmission927_to_LVEtransmission611_electricity,100
LVEtransmission611_to_LVEtransmission197_electricity,100
LVEtransmission197_to_LVEtransmission902_electricity,100
LVEtransmission902_to_LVEtransmission298_electricity,100
LVEtransmission298_to_LVEtransmission234_electricity,100
LVEtransmission234_to_LVEtransmission774_electricity,100
LVEtransmission774_to_LVEtransmission624_electricity,100
LVEtransmission624_to_LVEtransmission225_electricity,100
LVEtransmission225_to_LVEtransmission631_electricity,100
LVEtransmission631_to_LVEtransmission160_electricity,100
LVEtransmission160_to_LVEtransmission924_electricity,100
LVEtransmission924_to_LVEtransmission905_electricity,100
LVEtransmission905_to_LVEtransmission481_electricity,100
LVEtransmission481_to_LVEtransmission119_electricity,100
LVEtransmission119_to_LVEtransmission880_electricity,100
LVEtransmission880_to_LVEtransmission909_electricity,100
LVEtransmission909_to_LVEtransmission441_electricity,100
LVEtransmission441_to_LVEtransmission90_electricity,100
LVEtransmission90_to_LVEtransmission175_electricity,100
LVEtransmission175_to_LVEtransmission571_electricity,100
LVEtransmission571_to_LVEtransmission558_electricity,100
LVEtransmission558_to_LVEtransmission16_electricity,100
LVEtransmission16_to_LVEtransmission714_electricity,100
LVEtransmission714_to_LVEtransmission586_electricity,100
LVEtransmission586_to_LVEtransmission899_electricity,100
LVEtransmission899_to_LVEtransmission614_electricity,100
LVEtransmission677_to_LVEtransmission367_electricity,100
LVEtransmission367_to_LVEtransmission409_electricity,100
LVEtransmission409_to_LVEtransmission784_electricity,100
LVEtransmission784_to_LVEtransmission907_electricity,100
LVEtransmission907_to_LVEtransmission469_electricity,100
LVEtransmission469_to_LVEtransmission587_electricity,100
LVEtransmission587_to_LVEtransmission290_electricity,100
LVEtransmission290_to_LVEtransmission337_electricity,100
LVEtransmission337_to_LVEtransmission988_electricity,100
LVEtransmission988_to_LVEtransmission550_electricity,100
LVEtransmission550_to_LVEtransmission325_electricity,100
LVEtransmission325_to_LVEtransmission364_electricity,100
LVEtransmission364_to_LVEtransmission412_electricity,100
LVEtransmission412_to_LVEtransmission729_electricity,100
LVEtransmission729_to_LVEtransmission914_electricity,100
LVEtransmission914_to_LVEtransmission464_electricity,100
LVEtransmission464_to_LVEtransmission161_electricity,100
LVEtransmission161_to_LVEtransmission705_electricity,100
LVEtransmission705_to_LVEtransmission396_electricity,100
LVEtransmission396_to_LVEtransmission471_electricity,100
LVEtransmission471_to_LVEtransmission1048_electricity,100
LVEtransmission1048_to_LVEtransmission989_electricity,100
LVEtransmission989_to_LVEtransmission518_electricity,100
LVEtransmission518_to_LVEtransmission931_electricity,100
LVEtransmission931_to_LVEtransmission818_electricity,100
LVEtransmission818_to_LVEtransmission349_electricity,100
LVEtransmission349_to_LVEtransmission365_electricity,100
LVEtransmission365_to_LVEtransmission338_electricity,100
LVEtransmission338_to_LVEtransmission218_electricity,100
LVEtransmission218_to_LVEtransmission891_electricity,100
LVEtransmission891_to_LVEtransmission252_electricity,100
LVEtransmission252_to_LVEtransmission99_electricity,100
LVEtransmission99_to_LVEtransmission715_electricity,100
LVEtransmission715_to_LVEtransmission575_electricity,100
LVEtransmission575_to_LVEtransmission1019_electricity,100
LVEtransmission1019_to_LVEtransmission565_electricity,100
LVEtransmission565_to_LVEtransmission176_electricity,100
LVEtransmission176_to_LVEtransmission132_electricity,100
LVEtransmission132_to_LVEtransmission564_electricity,100
LVEtransmission564_to_LVEtransmission744_electricity,100
LVEtransmission744_to_LVEtransmission975_electricity,100
LVEtransmission975_to_LVEtransmission992_electricity,100
LVEtransmission992_to_LVEtransmission672_electricity,100
LVEtransmission672_to_LVEtransmission606_electricity,100
LVEtransmission606_to_LVEtransmission178_electricity,100
LVEtransmission178_to_LVEtransmission993_electricity,100
LVEtransmission993_to_LVEtransmission148_electricity,100
LVEtransmission148_to_LVEtransmission98_electricity,100
LVEtransmission98_to_LVEtransmission51_electricity,100
LVEtransmission51_to_LVEtransmission540_electricity,100
LVEtransmission540_to_LVEtransmission123_electricity,100
LVEtransmission123_to_LVEtransmission450_electricity,100
LVEtransmission450_to_LVEtransmission1042_electricity,100
LVEtransmission1042_to_LVEtransmission144_electricity,100
LVEtransmission144_to_LVEtransmission751_electricity,100
LVEtransmission751_to_LVEtransmission437_electricity,100
LVEtransmission437_to_LVEtransmission1020_electricity,100
LVEtransmission1020_to_LVEtransmission632_electricity,100
LVEtransmission632_to_LVEtransmission674_electricity,100
LVEtransmission674_to_LVEtransmission4_electricity,100
LVEtransmission4_to_LVEtransmission1012_electricity,100
LVEtransmission1012_to_LVEtransmission771_electricity,100
LVEtransmission771_to_LVEtransmission375_electricity,100
LVEtransmission375_to_LVEtransmission320_electricity,100
LVEtransmission320_to_LVEtransmission47_electricity,100
LVEtransmission47_to_LVEtransmission720_electricity,100
LVEtransmission720_to_LVEtransmission186_electricity,100
LVEtransmission645_to_LVEtransmission162_electricity,100
LVEtransmission162_to_LVEtransmission249_electricity,100
LVEtransmission249_to_LVEtransmission23_electricity,100
LVEtransmission23_to_LVEtransmission761_electricity,100
LVEtransmission761_to_LVEtransmission522_electricity,100
LVEtransmission522_to_LVEtransmission541_electricity,100
LVEtransmission541_to_LVEtransmission261_electricity,100
LVEtransmission261_to_LVEtransmission297_electricity,100
LVEtransmission297_to_LVEtransmission305_electricity,100
LVEtransmission305_to_LVEtransmission504_electricity,100
LVEtransmission504_to_LVEtransmission594_electricity,100
LVEtransmission594_to_LVEtransmission692_electricity,100
LVEtransmission692_to_LVEtransmission155_electricity,100
LVEtransmission155_to_LVEtransmission851_electricity,100
LVEtransmission851_to_LVEtransmission268_electricity,100
LVEtransmission268_to_LVEtransmission352_electricity,100
LVEtransmission222_to_LVEtransmission721_electricity,100
LVEtransmission721_to_LVEtransmission257_electricity,100
LVEtransmission257_to_LVEtransmission836_electricity,100
LVEtransmission836_to_LVEtransmission463_electricity,100
LVEtransmission463_to_LVEtransmission307_electricity,100
LVEtransmission307_to_LVEtransmission508_electricity,100
LVEtransmission508_to_LVEtransmission339_electricity,100
LVEtransmission339_to_LVEtransmission100_electricity,100
LVEtransmission100_to_LVEtransmission708_electricity,100
LVEtransmission708_to_LVEtransmission125_electricity,100
LVEtransmission125_to_LVEtransmission147_electricity,100
LVEtransmission147_to_LVEtransmission646_electricity,100
LVEtransmission646_to_LVEtransmission505_electricity,100
LVEtransmission505_to_LVEtransmission585_electricity,100
LVEtransmission585_to_LVEtransmission133_electricity,100
LVEtransmission644_to_LVEtransmission629_electricity,100
LVEtransmission629_to_LVEtransmission581_electricity,100
LVEtransmission581_to_LVEtransmission82_electricity,100
LVEtransmission423_to_LVEtransmission7_electricity,100
LVEtransmission7_to_LVEtransmission317_electricity,100
LVEtransmission317_to_LVEtransmission299_electricity,100
LVEtransmission299_to_LVEtransmission421_electricity,100
LVEtransmission421_to_LVEtransmission920_electricity,100
LVEtransmission920_to_LVEtransmission579_electricity,100
LVEtransmission579_to_LVEtransmission390_electricity,100
LVEtransmission390_to_LVEtransmission395_electricity,100
LVEtransmission1040_to_LVEtransmission542_electricity,100
LVEtransmission542_to_LVEtransmission861_electricity,100
LVEtransmission861_to_LVEtransmission768_electricity,100
LVEtransmission768_to_LVEtransmission1030_electricity,100
LVEtransmission1030_to_LVEtransmission764_electricity,100
LVEtransmission764_to_LVEtransmission354_electricity,100
LVEtransmission354_to_LVEtransmission54_electricity,100
LVEtransmission54_to_LVEtransmission760_electricity,100
LVEtransmission760_to_LVEtransmission199_electricity,100
LVEtransmission199_to_LVEtransmission621_electricity,100
LVEtransmission621_to_LVEtransmission219_electricity,100
LVEtransmission219_to_LVEtransmission1050_electricity,100
LVEtransmission1050_to_LVEtransmission574_electricity,100
LVEtransmission395_to_LVEtransmission577_electricity,100
LVEtransmission577_to_LVEtransmission72_electricity,100
LVEtransmission72_to_LVEtransmission691_electricity,100
LVEtransmission691_to_LVEtransmission566_electricity,100
LVEtransmission902_to_LVEtransmission398_electricity,100
LVEtransmission398_to_LVEtransmission235_electricity,100
LVEtransmission235_to_LVEtransmission192_electricity,100
LVEtransmission192_to_LVEtransmission837_electricity,100
LVEtransmission837_to_LVEtransmission976_electricity,100
LVEtransmission976_to_LVEtransmission934_electricity,100
LVEtransmission934_to_LVEtransmission453_electricity,100
LVEtransmission453_to_LVEtransmission314_electricity,100
LVEtransmission314_to_LVEtransmission557_electricity,100
LVEtransmission557_to_LVEtransmission717_electricity,100
LVEtransmission717_to_LVEtransmission733_electricity,100
LVEtransmission733_to_LVEtransmission241_electricity,100
LVEtransmission241_to_LVEtransmission845_electricity,100
LVEtransmission845_to_LVEtransmission32_electricity,100
LVEtransmission32_to_LVEtransmission67_electricity,100
LVEtransmission67_to_LVEtransmission86_electricity,100
LVEtransmission86_to_LVEtransmission530_electricity,100
LVEtransmission83_to_LVEtransmission389_electricity,100
LVEtransmission389_to_LVEtransmission326_electricity,100
LVEtransmission326_to_LVEtransmission699_electricity,100
LVEtransmission699_to_LVEtransmission638_electricity,100
LVEtransmission186_to_LVEtransmission634_electricity,100
LVEtransmission634_to_LVEtransmission85_electricity,100
LVEtransmission85_to_LVEtransmission79_electricity,100
LVEtransmission79_to_LVEtransmission281_electricity,100
LVEtransmission281_to_LVEtransmission804_electricity,100
LVEtransmission804_to_LVEtransmission645_electricity,100
LVEtransmission645_to_LVEtransmission1013_electricity,100
LVEtransmission1013_to_LVEtransmission545_electricity,100
LVEtransmission545_to_LVEtransmission1031_electricity,100
LVEtransmission1031_to_LVEtransmission515_electricity,100
LVEtransmission177_to_LVEtransmission245_electricity,100
LVEtransmission245_to_LVEtransmission277_electricity,100
LVEtransmission277_to_LVEtransmission391_electricity,100
LVEtransmission391_to_LVEtransmission459_electricity,100
LVEtransmission459_to_LVEtransmission977_electricity,100
LVEtransmission977_to_LVEtransmission1023_electricity,100
LVEtransmission1023_to_LVEtransmission392_electricity,100
LVEtransmission392_to_LVEtransmission14_electricity,100
LVEtransmission14_to_LVEtransmission102_electricity,100
LVEtransmission102_to_LVEtransmission209_electricity,100
LVEtransmission209_to_LVEtransmission656_electricity,100
LVEtransmission656_to_LVEtransmission706_electricity,100
LVEtransmission706_to_LVEtransmission911_electricity,100
LVEtransmission911_to_LVEtransmission295_electricity,100
LVEtransmission295_to_LVEtransmission246_electricity,100
LVEtransmission246_to_LVEtransmission343_electricity,100
LVEtransmission343_to_LVEtransmission794_electricity,100
LVEtransmission794_to_LVEtransmission224_electricity,100
LVEtransmission224_to_LVEtransmission506_electricity,100
LVEtransmission506_to_LVEtransmission620_electricity,100
LVEtransmission620_to_LVEtransmission120_electricity,100
LVEtransmission120_to_LVEtransmission15_electricity,100
LVEtransmission15_to_LVEtransmission493_electricity,100
LVEtransmission493_to_LVEtransmission607_electricity,100
LVEtransmission607_to_LVEtransmission724_electricity,100
LVEtransmission724_to_LVEtransmission21_electricity,100
LVEtransmission21_to_LVEtransmission117_electricity,100
LVEtransmission117_to_LVEtransmission221_electricity,100
LVEtransmission221_to_LVEtransmission732_electricity,100
LVEtransmission732_to_LVEtransmission608_electricity,100
LVEtransmission608_to_LVEtransmission799_electricity,100
LVEtransmission799_to_LVEtransmission428_electricity,100
LVEtransmission428_to_LVEtransmission737_electricity,100
LVEtransmission737_to_LVEtransmission180_electricity,100
LVEtransmission180_to_LVEtransmission834_electricity,100
LVEtransmission834_to_LVEtransmission1007_electricity,100
LVEtransmission1007_to_LVEtransmission630_electricity,100
LVEtransmission630_to_LVEtransmission700_electricity,100
LVEtransmission700_to_LVEtransmission274_electricity,100
LVEtransmission274_to_LVEtransmission482_electricity,100
LVEtransmission482_to_LVEtransmission402_electricity,100
LVEtransmission402_to_LVEtransmission990_electricity,100
LVEtransmission990_to_LVEtransmission825_electricity,100
LVEtransmission825_to_LVEtransmission800_electricity,100
LVEtransmission800_to_LVEtransmission908_electricity,100
LVEtransmission637_to_LVEtransmission203_electricity,100
LVEtransmission203_to_LVEtransmission43_electricity,100
LVEtransmission43_to_LVEtransmission671_electricity,100
LVEtransmission671_to_LVEtransmission232_electricity,100
LVEtransmission232_to_LVEtransmission439_electricity,100
LVEtransmission439_to_LVEtransmission694_electricity,100
LVEtransmission694_to_LVEtransmission588_electricity,100
LVEtransmission588_to_LVEtransmission164_electricity,100
LVEtransmission164_to_LVEtransmission725_electricity,100
LVEtransmission725_to_LVEtransmission622_electricity,100
LVEtransmission622_to_LVEtransmission188_electricity,100
LVEtransmission188_to_LVEtransmission129_electricity,100
LVEtransmission129_to_LVEtransmission769_electricity,100
LVEtransmission860_to_LVEtransmission678_electricity,100
LVEtransmission678_to_LVEtransmission958_electricity,100
LVEtransmission958_to_LVEtransmission1001_electricity,100
LVEtransmission1001_to_LVEtransmission560_electricity,100
LVEtransmission560_to_LVEtransmission743_electricity,100
LVEtransmission743_to_LVEtransmission360_electricity,100
LVEtransmission360_to_LVEtransmission819_electricity,100
LVEtransmission819_to_LVEtransmission258_electricity,100
LVEtransmission258_to_LVEtransmission191_electricity,100
LVEtransmission191_to_LVEtransmission37_electricity,100
LVEtransmission37_to_LVEtransmission134_electricity,100
LVEtransmission134_to_LVEtransmission915_electricity,100
LVEtransmission915_to_LVEtransmission142_electricity,100
LVEtransmission142_to_LVEtransmission296_electricity,100
LVEtransmission296_to_LVEtransmission755_electricity,100
LVEtransmission755_to_LVEtransmission60_electricity,100
LVEtransmission60_to_LVEtransmission609_electricity,100
LVEtransmission609_to_LVEtransmission143_electricity,100
LVEtransmission143_to_LVEtransmission780_electricity,100
LVEtransmission780_to_LVEtransmission982_electricity,100
LVEtransmission982_to_LVEtransmission494_electricity,100
LVEtransmission494_to_LVEtransmission39_electricity,100
LVEtransmission39_to_LVEtransmission679_electricity,100
LVEtransmission679_to_LVEtransmission654_electricity,100
LVEtransmission654_to_LVEtransmission844_electricity,100
LVEtransmission844_to_LVEtransmission461_electricity,100
LVEtransmission461_to_LVEtransmission69_electricity,100
LVEtransmission69_to_LVEtransmission709_electricity,100
LVEtransmission709_to_LVEtransmission229_electricity,100
LVEtransmission229_to_LVEtransmission824_electricity,100
LVEtransmission824_to_LVEtransmission113_electricity,100
LVEtransmission113_to_LVEtransmission94_electricity,100
LVEtransmission826_to_LVEtransmission996_electricity,100
LVEtransmission996_to_LVEtransmission663_electricity,100
LVEtransmission663_to_LVEtransmission876_electricity,100
LVEtransmission876_to_LVEtransmission208_electricity,100
LVEtransmission208_to_LVEtransmission387_electricity,100
LVEtransmission387_to_LVEtransmission1035_electricity,100
LVEtransmission1035_to_LVEtransmission150_electricity,100
LVEtransmission150_to_LVEtransmission817_electricity,100
LVEtransmission817_to_LVEtransmission1006_electricity,100
LVEtransmission1006_to_LVEtransmission297_electricity,100
LVEtransmission530_to_LVEtransmission929_electricity,100
LVEtransmission929_to_LVEtransmission124_electricity,100
LVEtransmission124_to_LVEtransmission57_electricity,100
LVEtransmission57_to_LVEtransmission466_electricity,100
LVEtransmission466_to_LVEtransmission435_electricity,100
LVEtransmission435_to_LVEtransmission239_electricity,100
LVEtransmission239_to_LVEtransmission595_electricity,100
LVEtransmission595_to_LVEtransmission420_electricity,100
LVEtransmission420_to_LVEtransmission773_electricity,100
LVEtransmission773_to_LVEtransmission458_electricity,100
LVEtransmission458_to_LVEtransmission1036_electricity,100
LVEtransmission1036_to_LVEtransmission271_electricity,100
LVEtransmission271_to_LVEtransmission66_electricity,100
LVEtransmission66_to_LVEtransmission489_electricity,100
LVEtransmission984_to_LVEtransmission80_electricity,100
LVEtransmission80_to_LVEtransmission247_electricity,100
LVEtransmission247_to_LVEtransmission316_electricity,100
LVEtransmission316_to_LVEtransmission289_electricity,100
LVEtransmission289_to_LVEtransmission315_electricity,100
LVEtransmission315_to_LVEtransmission953_electricity,100
LVEtransmission953_to_LVEtransmission553_electricity,100
LVEtransmission553_to_LVEtransmission254_electricity,100
LVEtransmission254_to_LVEtransmission13_electricity,100
LVEtransmission13_to_LVEtransmission103_electricity,100
LVEtransmission103_to_LVEtransmission675_electricity,100
LVEtransmission675_to_LVEtransmission242_electricity,100
LVEtransmission242_to_LVEtransmission551_electricity,100
LVEtransmission551_to_LVEtransmission460_electricity,100
LVEtransmission460_to_LVEtransmission597_electricity,100
LVEtransmission597_to_LVEtransmission959_electricity,100
LVEtransmission959_to_LVEtransmission942_electricity,100
LVEtransmission942_to_LVEtransmission1009_electricity,100
LVEtransmission1009_to_LVEtransmission811_electricity,100
LVEtransmission811_to_LVEtransmission270_electricity,100
LVEtransmission270_to_LVEtransmission74_electricity,100
LVEtransmission74_to_LVEtransmission130_electricity,100
LVEtransmission130_to_LVEtransmission70_electricity,100
LVEtransmission70_to_LVEtransmission445_electricity,100
LVEtransmission445_to_LVEtransmission870_electricity,100
LVEtransmission870_to_LVEtransmission801_electricity,100
LVEtransmission801_to_LVEtransmission500_electricity,100
LVEtransmission500_to_LVEtransmission738_electricity,100
LVEtransmission738_to_LVEtransmission332_electricity,100
LVEtransmission332_to_LVEtransmission139_electricity,100
LVEtransmission139_to_LVEtransmission766_electricity,100
LVEtransmission766_to_LVEtransmission168_electricity,100
LVEtransmission168_to_LVEtransmission868_electricity,100
LVEtransmission868_to_LVEtransmission361_electricity,100
LVEtransmission361_to_LVEtransmission898_electricity,100
LVEtransmission898_to_LVEtransmission455_electricity,100
LVEtransmission455_to_LVEtransmission34_electricity,100
LVEtransmission34_to_LVEtransmission947_electricity,100
LVEtransmission947_to_LVEtransmission479_electricity,100
LVEtransmission479_to_LVEtransmission696_electricity,100
LVEtransmission696_to_LVEtransmission210_electricity,100
LVEtransmission210_to_LVEtransmission103_electricity,100
LVEtransmission566_to_LVEtransmission231_electricity,100
LVEtransmission231_to_LVEtransmission211_electricity,100
LVEtransmission1011_to_LVEtransmission612_electricity,100
LVEtransmission612_to_LVEtransmission286_electricity,100
LVEtransmission286_to_LVEtransmission368_electricity,100
LVEtransmission368_to_LVEtransmission781_electricity,100
LVEtransmission781_to_LVEtransmission438_electricity,100
LVEtransmission438_to_LVEtransmission87_electricity,100
LVEtransmission87_to_LVEtransmission770_electricity,100
LVEtransmission770_to_LVEtransmission546_electricity,100
LVEtransmission546_to_LVEtransmission96_electricity,100
LVEtransmission96_to_LVEtransmission735_electricity,100
LVEtransmission121_to_LVEtransmission775_electricity,100
LVEtransmission775_to_LVEtransmission61_electricity,100
LVEtransmission61_to_LVEtransmission318_electricity,100
LVEtransmission318_to_LVEtransmission882_electricity,100
LVEtransmission882_to_LVEtransmission473_electricity,100
LVEtransmission473_to_LVEtransmission839_electricity,100
LVEtransmission839_to_LVEtransmission300_electricity,100
LVEtransmission300_to_LVEtransmission688_electricity,100
LVEtransmission688_to_LVEtransmission18_electricity,100
LVEtransmission18_to_LVEtransmission561_electricity,100
LVEtransmission561_to_LVEtransmission554_electricity,100
LVEtransmission554_to_LVEtransmission110_electricity,100
LVEtransmission110_to_LVEtransmission101_electricity,100
LVEtransmission101_to_LVEtransmission1002_electricity,100
LVEtransmission1002_to_LVEtransmission658_electricity,100
LVEtransmission658_to_LVEtransmission543_electricity,100
LVEtransmission543_to_LVEtransmission625_electricity,100
LVEtransmission625_to_LVEtransmission925_electricity,100
LVEtransmission925_to_LVEtransmission869_electricity,100
LVEtransmission869_to_LVEtransmission591_electricity,100
LVEtransmission591_to_LVEtransmission243_electricity,100
LVEtransmission243_to_LVEtransmission922_electricity,100
LVEtransmission922_to_LVEtransmission985_electricity,100
LVEtransmission985_to_LVEtransmission165_electricity,100
LVEtransmission165_to_LVEtransmission968_electricity,100
LVEtransmission968_to_LVEtransmission1032_electricity,100
LVEtransmission1032_to_LVEtransmission532_electricity,100
LVEtransmission532_to_LVEtransmission943_electricity,100
LVEtransmission943_to_LVEtransmission1016_electricity,100
LVEtransmission1016_to_LVEtransmission660_electricity,100
LVEtransmission660_to_LVEtransmission269_electricity,100
LVEtransmission269_to_LVEtransmission323_electricity,100
LVEtransmission323_to_LVEtransmission994_electricity,100
LVEtransmission994_to_LVEtransmission782_electricity,100
LVEtransmission782_to_LVEtransmission421_electricity,100
LVEtransmission421_to_LVEtransmission217_electricity,100
LVEtransmission217_to_LVEtransmission722_electricity,100
LVEtransmission722_to_LVEtransmission599_electricity,100
LVEtransmission599_to_LVEtransmission501_electricity,100
LVEtransmission501_to_LVEtransmission973_electricity,100
LVEtransmission973_to_LVEtransmission371_electricity,100
LVEtransmission371_to_LVEtransmission852_electricity,100
LVEtransmission852_to_LVEtransmission451_electricity,100
LVEtransmission451_to_LVEtransmission383_electricity,100
LVEtransmission383_to_LVEtransmission355_electricity,100
LVEtransmission355_to_LVEtransmission944_electricity,100
LVEtransmission944_to_LVEtransmission1000_electricity,100
LVEtransmission1000_to_LVEtransmission758_electricity,100
LVEtransmission758_to_LVEtransmission883_electricity,100
LVEtransmission883_to_LVEtransmission483_electricity,100
LVEtransmission483_to_LVEtransmission1028_electricity,100
LVEtransmission1028_to_LVEtransmission308_electricity,100
LVEtransmission308_to_LVEtransmission204_electricity,100
LVEtransmission204_to_LVEtransmission158_electricity,100
LVEtransmission158_to_LVEtransmission670_electricity,100
LVEtransmission670_to_LVEtransmission220_electricity,100
LVEtransmission220_to_LVEtransmission301_electricity,100
LVEtransmission301_to_LVEtransmission31_electricity,100
LVEtransmission31_to_LVEtransmission1034_electricity,100
LVEtransmission1034_to_LVEtransmission906_electricity,100
LVEtransmission769_to_LVEtransmission159_electricity,100
LVEtransmission159_to_LVEtransmission498_electricity,100
LVEtransmission498_to_LVEtransmission173_electricity,100
LVEtransmission173_to_LVEtransmission860_electricity,100
LVEtransmission921_to_LVEtransmission847_electricity,100
LVEtransmission847_to_LVEtransmission777_electricity,100
LVEtransmission777_to_LVEtransmission105_electricity,100
LVEtransmission105_to_LVEtransmission111_electricity,100
LVEtransmission111_to_LVEtransmission776_electricity,100
LVEtransmission669_to_LVEtransmission690_electricity,100
LVEtransmission690_to_LVEtransmission198_electricity,100
LVEtransmission198_to_LVEtransmission667_electricity,100
LVEtransmission667_to_LVEtransmission635_electricity,100
LVEtransmission635_to_LVEtransmission426_electricity,100
LVEtransmission426_to_LVEtransmission745_electricity,100
LVEtransmission745_to_LVEtransmission815_electricity,100
LVEtransmission815_to_LVEtransmission778_electricity,100
LVEtransmission778_to_LVEtransmission48_electricity,100
LVEtransmission48_to_LVEtransmission157_electricity,100
LVEtransmission157_to_LVEtransmission472_electricity,100
LVEtransmission472_to_LVEtransmission848_electricity,100
LVEtransmission848_to_LVEtransmission537_electricity,100
LVEtransmission537_to_LVEtransmission776_electricity,100
LVEtransmission776_to_LVEtransmission369_electricity,100
LVEtransmission369_to_LVEtransmission748_electricity,100
LVEtransmission748_to_LVEtransmission567_electricity,100
LVEtransmission567_to_LVEtransmission647_electricity,100
LVEtransmission617_to_LVEtransmission932_electricity,100
LVEtransmission932_to_LVEtransmission212_electricity,100
LVEtransmission212_to_LVEtransmission507_electricity,100
LVEtransmission507_to_LVEtransmission194_electricity,100
LVEtransmission194_to_LVEtransmission796_electricity,100
LVEtransmission796_to_LVEtransmission474_electricity,100
LVEtransmission474_to_LVEtransmission777_electricity,100
LVEtransmission352_to_LVEtransmission912_electricity,100
LVEtransmission912_to_LVEtransmission266_electricity,100
LVEtransmission266_to_LVEtransmission126_electricity,100
LVEtransmission126_to_LVEtransmission580_electricity,100
LVEtransmission580_to_LVEtransmission399_electricity,100
LVEtransmission399_to_LVEtransmission146_electricity,100
LVEtransmission146_to_LVEtransmission220_electricity,100
LVEtransmission220_to_LVEtransmission228_electricity,100
LVEtransmission228_to_LVEtransmission351_electricity,100
LVEtransmission351_to_LVEtransmission3_electricity,100
LVEtransmission3_to_LVEtransmission600_electricity,100
LVEtransmission352_to_LVEtransmission526_electricity,100
LVEtransmission526_to_LVEtransmission122_electricity,100
LVEtransmission122_to_LVEtransmission822_electricity,100
LVEtransmission822_to_LVEtransmission684_electricity,100
LVEtransmission684_to_LVEtransmission1025_electricity,100
LVEtransmission1025_to_LVEtransmission418_electricity,100
LVEtransmission418_to_LVEtransmission237_electricity,100
LVEtransmission237_to_LVEtransmission170_electricity,100
LVEtransmission170_to_LVEtransmission572_electricity,100
LVEtransmission572_to_LVEtransmission499_electricity,100
LVEtransmission499_to_LVEtransmission276_electricity,100
LVEtransmission276_to_LVEtransmission884_electricity,100
LVEtransmission884_to_LVEtransmission255_electricity,100
LVEtransmission255_to_LVEtransmission91_electricity,100
LVEtransmission91_to_LVEtransmission26_electricity,100
LVEtransmission26_to_LVEtransmission910_electricity,100
LVEtransmission910_to_LVEtransmission788_electricity,100
LVEtransmission788_to_LVEtransmission372_electricity,100
LVEtransmission372_to_LVEtransmission377_electricity,100
LVEtransmission377_to_LVEtransmission72_electricity,100
LVEtransmission72_to_LVEtransmission832_electricity,100
LVEtransmission832_to_LVEtransmission592_electricity,100
LVEtransmission592_to_LVEtransmission127_electricity,100
LVEtransmission127_to_LVEtransmission681_electricity,100
LVEtransmission681_to_LVEtransmission828_electricity,100
LVEtransmission828_to_LVEtransmission887_electricity,100
LVEtransmission887_to_LVEtransmission400_electricity,100
LVEtransmission400_to_LVEtransmission623_electricity,100
LVEtransmission623_to_LVEtransmission422_electricity,100
LVEtransmission422_to_LVEtransmission52_electricity,100
LVEtransmission52_to_LVEtransmission156_electricity,100
LVEtransmission156_to_LVEtransmission703_electricity,100
LVEtransmission703_to_LVEtransmission916_electricity,100
LVEtransmission916_to_LVEtransmission424_electricity,100
LVEtransmission424_to_LVEtransmission983_electricity,100
LVEtransmission983_to_LVEtransmission42_electricity,100
LVEtransmission42_to_LVEtransmission569_electricity,100
LVEtransmission569_to_LVEtransmission841_electricity,100
LVEtransmission841_to_LVEtransmission657_electricity,100
LVEtransmission657_to_LVEtransmission64_electricity,100
LVEtransmission64_to_LVEtransmission573_electricity,100
LVEtransmission573_to_LVEtransmission827_electricity,100
LVEtransmission827_to_LVEtransmission279_electricity,100
LVEtransmission279_to_LVEtransmission759_electricity,100
LVEtransmission759_to_LVEtransmission93_electricity,100
LVEtransmission93_to_LVEtransmission816_electricity,100
LVEtransmission816_to_LVEtransmission662_electricity,100
LVEtransmission59_to_LVEtransmission319_electricity,100
LVEtransmission319_to_LVEtransmission356_electricity,100
LVEtransmission356_to_LVEtransmission302_electricity,100
LVEtransmission302_to_LVEtransmission352_electricity,100
LVEtransmission614_to_LVEtransmission112_electricity,100
LVEtransmission112_to_LVEtransmission63_electricity,100
LVEtransmission63_to_LVEtransmission589_electricity,100
LVEtransmission589_to_LVEtransmission470_electricity,100
LVEtransmission470_to_LVEtransmission908_electricity,100
LVEtransmission540_to_LVEtransmission949_electricity,100
LVEtransmission949_to_LVEtransmission378_electricity,100
LVEtransmission378_to_LVEtransmission259_electricity,100
LVEtransmission259_to_LVEtransmission272_electricity,100
LVEtransmission798_to_LVEtransmission930_electricity,100
LVEtransmission930_to_LVEtransmission832_electricity,100
LVEtransmission866_to_LVEtransmission452_electricity,100
LVEtransmission452_to_LVEtransmission480_electricity,100
LVEtransmission480_to_LVEtransmission769_electricity,100
LVEtransmission647_to_LVEtransmission626_electricity,100
LVEtransmission626_to_LVEtransmission278_electricity,100
LVEtransmission278_to_LVEtransmission287_electricity,100
LVEtransmission287_to_LVEtransmission1044_electricity,100
LVEtransmission1044_to_LVEtransmission11_electricity,100
LVEtransmission11_to_LVEtransmission716_electricity,100
LVEtransmission716_to_LVEtransmission446_electricity,100
LVEtransmission446_to_LVEtransmission30_electricity,100
LVEtransmission30_to_LVEtransmission802_electricity,100
LVEtransmission802_to_LVEtransmission693_electricity,100
LVEtransmission693_to_LVEtransmission6_electricity,100
LVEtransmission6_to_LVEtransmission149_electricity,100
LVEtransmission149_to_LVEtransmission783_electricity,100
LVEtransmission637_to_LVEtransmission676_electricity,100
LVEtransmission676_to_LVEtransmission97_electricity,100
LVEtransmission97_to_LVEtransmission273_electricity,100
LVEtransmission273_to_LVEtransmission578_electricity,100
LVEtransmission578_to_LVEtransmission951_electricity,100
LVEtransmission951_to_LVEtransmission647_electricity,100
LVEtransmission735_to_LVEtransmission698_electricity,100
LVEtransmission698_to_LVEtransmission835_electricity,100
LVEtransmission835_to_LVEtransmission797_electricity,100
LVEtransmission797_to_LVEtransmission772_electricity,100
LVEtransmission772_to_LVEtransmission477_electricity,100
LVEtransmission477_to_LVEtransmission978_electricity,100
LVEtransmission978_to_LVEtransmission661_electricity,100
LVEtransmission661_to_LVEtransmission333_electricity,100
LVEtransmission333_to_LVEtransmission363_electricity,100
LVEtransmission363_to_LVEtransmission598_electricity,100
LVEtransmission598_to_LVEtransmission687_electricity,100
LVEtransmission226_to_LVEtransmission135_electricity,100
LVEtransmission135_to_LVEtransmission682_electricity,100
LVEtransmission682_to_LVEtransmission280_electricity,100
LVEtransmission280_to_LVEtransmission888_electricity,100
LVEtransmission888_to_LVEtransmission405_electricity,100
LVEtransmission471_to_LVEtransmission889_electricity,100
LVEtransmission889_to_LVEtransmission523_electricity,100
LVEtransmission523_to_LVEtransmission226_electricity,100
LVEtransmission12_to_LVEtransmission386_electricity,100
LVEtransmission386_to_LVEtransmission548_electricity,100
LVEtransmission548_to_LVEtransmission954_electricity,100
LVEtransmission954_to_LVEtransmission78_electricity,100
LVEtransmission78_to_LVEtransmission251_electricity,100
LVEtransmission251_to_LVEtransmission108_electricity,100
LVEtransmission108_to_LVEtransmission303_electricity,100
LVEtransmission303_to_LVEtransmission995_electricity,100
LVEtransmission44_to_LVEtransmission785_electricity,100
LVEtransmission785_to_LVEtransmission248_electricity,100
LVEtransmission248_to_LVEtransmission805_electricity,100
LVEtransmission805_to_LVEtransmission662_electricity,100
LVEtransmission687_to_LVEtransmission28_electricity,100
LVEtransmission28_to_LVEtransmission534_electricity,100
LVEtransmission735_to_LVEtransmission340_electricity,100
LVEtransmission340_to_LVEtransmission1014_electricity,100
LVEtransmission1014_to_LVEtransmission121_electricity,100
LVEtransmission645_to_LVEtransmission476_electricity,100
LVEtransmission476_to_LVEtransmission55_electricity,100
LVEtransmission55_to_LVEtransmission829_electricity,100
LVEtransmission829_to_LVEtransmission406_electricity,100
LVEtransmission406_to_LVEtransmission584_electricity,100
LVEtransmission584_to_LVEtransmission710_electricity,100
LVEtransmission710_to_LVEtransmission321_electricity,100
LVEtransmission321_to_LVEtransmission817_electricity,100
LVEtransmission817_to_LVEtransmission179_electricity,100
LVEtransmission179_to_LVEtransmission892_electricity,100
LVEtransmission892_to_LVEtransmission187_electricity,100
LVEtransmission187_to_LVEtransmission92_electricity,100
LVEtransmission92_to_LVEtransmission45_electricity,100
LVEtransmission45_to_LVEtransmission282_electricity,100
LVEtransmission282_to_LVEtransmission65_electricity,100
LVEtransmission65_to_LVEtransmission136_electricity,100
LVEtransmission136_to_LVEtransmission526_electricity,100
LVEtransmission133_to_LVEtransmission284_electricity,100
LVEtransmission284_to_LVEtransmission556_electricity,100
LVEtransmission556_to_LVEtransmission747_electricity,100
LVEtransmission747_to_LVEtransmission283_electricity,100
LVEtransmission283_to_LVEtransmission20_electricity,100
LVEtransmission20_to_LVEtransmission291_electricity,100
LVEtransmission291_to_LVEtransmission609_electricity,100
LVEtransmission648_to_LVEtransmission582_electricity,100
LVEtransmission582_to_LVEtransmission897_electricity,100
LVEtransmission897_to_LVEtransmission855_electricity,100
LVEtransmission855_to_LVEtransmission417_electricity,100
LVEtransmission417_to_LVEtransmission524_electricity,100
LVEtransmission524_to_LVEtransmission627_electricity,100
LVEtransmission627_to_LVEtransmission89_electricity,100
LVEtransmission89_to_LVEtransmission379_electricity,100
LVEtransmission379_to_LVEtransmission457_electricity,100
LVEtransmission457_to_LVEtransmission9_electricity,100
LVEtransmission9_to_LVEtransmission955_electricity,100
LVEtransmission955_to_LVEtransmission752_electricity,100
LVEtransmission752_to_LVEtransmission240_electricity,100
LVEtransmission240_to_LVEtransmission436_electricity,100
LVEtransmission436_to_LVEtransmission549_electricity,100
LVEtransmission549_to_LVEtransmission132_electricity,100
LVEtransmission908_to_LVEtransmission431_electricity,100
LVEtransmission431_to_LVEtransmission380_electricity,100
LVEtransmission380_to_LVEtransmission374_electricity,100
LVEtransmission374_to_LVEtransmission919_electricity,100
LVEtransmission919_to_LVEtransmission795_electricity,100
LVEtransmission795_to_LVEtransmission196_electricity,100
LVEtransmission196_to_LVEtransmission749_electricity,100
LVEtransmission749_to_LVEtransmission739_electricity,100
LVEtransmission739_to_LVEtransmission853_electricity,100
LVEtransmission853_to_LVEtransmission154_electricity,100
LVEtransmission154_to_LVEtransmission533_electricity,100
LVEtransmission533_to_LVEtransmission697_electricity,100
LVEtransmission697_to_LVEtransmission516_electricity,100
LVEtransmission516_to_LVEtransmission502_electricity,100
LVEtransmission502_to_LVEtransmission877_electricity,100
LVEtransmission877_to_LVEtransmission820_electricity,100
LVEtransmission820_to_LVEtransmission731_electricity,100
LVEtransmission731_to_LVEtransmission711_electricity,100
LVEtransmission711_to_LVEtransmission613_electricity,100
LVEtransmission613_to_LVEtransmission867_electricity,100
LVEtransmission867_to_LVEtransmission803_electricity,100
LVEtransmission803_to_LVEtransmission1046_electricity,100
LVEtransmission1046_to_LVEtransmission964_electricity,100
LVEtransmission964_to_LVEtransmission890_electricity,100
LVEtransmission890_to_LVEtransmission857_electricity,100
LVEtransmission857_to_LVEtransmission56_electricity,100
LVEtransmission56_to_LVEtransmission207_electricity,100
LVEtransmission207_to_LVEtransmission917_electricity,100
LVEtransmission202_to_LVEtransmission397_electricity,100
LVEtransmission397_to_LVEtransmission1024_electricity,100
LVEtransmission202_to_LVEtransmission734_electricity,100
LVEtransmission734_to_LVEtransmission189_electricity,100
LVEtransmission189_to_LVEtransmission184_electricity,100
LVEtransmission184_to_LVEtransmission250_electricity,100
LVEtransmission250_to_LVEtransmission662_electricity,100
LVEtransmission662_to_LVEtransmission288_electricity,100
LVEtransmission288_to_LVEtransmission998_electricity,100
LVEtransmission998_to_LVEtransmission969_electricity,100
LVEtransmission969_to_LVEtransmission487_electricity,100
LVEtransmission487_to_LVEtransmission1024_electricity,100
LVEtransmission1024_to_LVEtransmission24_electricity,100
LVEtransmission24_to_LVEtransmission46_electricity,100
LVEtransmission46_to_LVEtransmission750_electricity,100
LVEtransmission750_to_LVEtransmission12_electricity,100
LVEtransmission12_to_LVEtransmission967_electricity,100
LVEtransmission967_to_LVEtransmission109_electricity,100
LVEtransmission109_to_LVEtransmission999_electricity,100
LVEtransmission999_to_LVEtransmission842_electricity,100
LVEtransmission842_to_LVEtransmission686_electricity,100
LVEtransmission686_to_LVEtransmission341_electricity,100
LVEtransmission341_to_LVEtransmission790_electricity,100
LVEtransmission860_to_LVEtransmission685_electricity,100
LVEtransmission685_to_LVEtransmission172_electricity,100
LVEtransmission172_to_LVEtransmission73_electricity,100
LVEtransmission73_to_LVEtransmission233_electricity,100
LVEtransmission233_to_LVEtransmission163_electricity,100
LVEtransmission163_to_LVEtransmission603_electricity,100
LVEtransmission603_to_LVEtransmission213_electricity,100
LVEtransmission213_to_LVEtransmission5_electricity,100
LVEtransmission5_to_LVEtransmission114_electricity,100
LVEtransmission114_to_LVEtransmission981_electricity,100
LVEtransmission981_to_LVEtransmission462_electricity,100
LVEtransmission462_to_LVEtransmission236_electricity,100
LVEtransmission236_to_LVEtransmission936_electricity,100
LVEtransmission936_to_LVEtransmission1026_electricity,100
LVEtransmission1026_to_LVEtransmission489_electricity,100
LVEtransmission489_to_LVEtransmission145_electricity,100
LVEtransmission145_to_LVEtransmission677_electricity,100
warmtenet15_to_substation_poptahofzuid,100
MV_LV_transformer1_to_LVEtransmission264_electricity,100
MV_LV_transformer2_to_LVEtransmission953_electricity,100
MV_LV_transformer3_to_LVEtransmission578_electricity,100
MV_LV_transformer4_to_LVEtransmission648_electricity,100
MV_LV_transformer5_to_LVEtransmission747_electricity,100
MV_LV_transformer6_to_LVEtransmission272_electricity,100
D0503100000000168_to_LVEtransmission826_electricity,100
D0503100000001498_to_LVEtransmission134_electricity,100
D0503100000001499_to_LVEtransmission100_electricity,100
D0503100000011458_to_LVEtransmission163_electricity,100
D0503100000011549_to_LVEtransmission134_electricity,100
D0503100000011550_to_LVEtransmission172_electricity,100
D0503100000011552_to_LVEtransmission458_electricity,100
D0503100000011553_to_LVEtransmission134_electricity,100
D0503100000011554_to_LVEtransmission73_electricity,100
D0503100000025533_to_LVEtransmission648_electricity,100
D0503100000027952_to_LVEtransmission134_electricity,100
D0503100000030049_to_LVEtransmission764_electricity,100
D0503100000030050_to_LVEtransmission13_electricity,100
D0503100000030051_to_LVEtransmission675_electricity,100
D0503100000030052_to_LVEtransmission74_electricity,100
D0503100000031080_to_LVEtransmission233_electricity,100
D0503100000031377_to_LVEtransmission551_electricity,100
D0503100000031378_to_LVEtransmission551_electricity,100
D0503100000031379_to_LVEtransmission551_electricity,100
D0503100000031380_to_LVEtransmission254_electricity,100
D0503100000031381_to_LVEtransmission242_electricity,100
D0503100000031382_to_LVEtransmission551_electricity,100
D0503100000031383_to_LVEtransmission551_electricity,100
D0503100000032908_to_LVEtransmission801_electricity,100
D0503100000033567_to_LVEtransmission140_electricity,100
D0503100000033568_to_LVEtransmission988_electricity,100
D0503100000033569_to_LVEtransmission550_electricity,100
D0503100000033570_to_LVEtransmission325_electricity,100
D0503100000033571_to_LVEtransmission83_electricity,100
D0503100000033572_to_LVEtransmission83_electricity,100
D0503100000033573_to_LVEtransmission83_electricity,100
D0503100000033574_to_LVEtransmission83_electricity,100
D0503100000033575_to_LVEtransmission83_electricity,100
D0503100000034895_to_LVEtransmission809_electricity,100
D0503100000035282_to_LVEtransmission843_electricity,100
D0503100000035763_to_LVEtransmission765_electricity,100
