name,capacity_kw,distance_m,flow_rate_m^3/s,diameter_mm,final_diameter_mm
Air-to-air heat pump,7520.457660008799,,,,
LV electricity distribution main,1493.8887504107074,4.463034214515946,,,
LV electricity distribution main,189.65360856813663,9.033688831492789,,,
LV electricity distribution main,156.08426987967545,22.99339946949086,,,
LV electricity distribution main,155.22895578825606,2.110076018880691,,,
LV electricity distribution main,155.15054394242244,3.6229662419407402,,,
LV electricity distribution main,155.0161452250013,3.622966643911722,,,
LV electricity distribution main,154.88197903570472,3.6297504783708847,,,
LV electricity distribution main,154.7477944351974,3.853883668721221,,,
LV electricity distribution main,154.60558581157326,3.8639566749975223,,,
LV electricity distribution main,154.46326786919667,3.8538835992789697,,,
LV electricity distribution main,154.32158123191607,2.145627439037658,,,
LV electricity distribution main,154.24277855598652,4.863642521127957,,,
LV electricity distribution main,154.06456360580464,4.874639315042041,,,
LV electricity distribution main,153.88635868008365,4.864694533127078,,,
LV electricity distribution main,153.70892717833388,4.8636422974878295,,,
LV electricity distribution main,153.53194233092694,4.874639095725875,,,
LV electricity distribution main,153.35496602483175,4.863642150641727,,,
LV electricity distribution main,153.17879443298756,4.863642076676093,,,
LV electricity distribution main,153.00302691381805,4.874638873580555,,,
LV electricity distribution main,152.8272664829259,4.863641928416808,,,
LV electricity distribution main,152.65230385601194,4.8636418558657315,,,
LV electricity distribution main,152.47774115342466,4.874638652142858,,,
LV electricity distribution main,152.30318411524917,4.863641707605073,,,
LV electricity distribution main,152.12941805581127,1.702950695137826,,,
LV electricity distribution main,152.06862439731867,4.469446359864651,,,
LV electricity distribution main,151.9094035183925,4.4694463767863715,,,
LV electricity distribution main,151.75051553536088,2.5807763781405644,,,
LV electricity distribution main,151.65888018695074,2.591714694994044,,,
LV electricity distribution main,151.56696796029888,3.2247687031217143,,,
LV electricity distribution main,151.45277744700294,3.2247686652328764,,,
LV electricity distribution main,151.33875880309432,3.7054048759045033,,,
LV electricity distribution main,151.20797257345842,3.705405185392674,,,
LV electricity distribution main,151.0774120900804,4.80025525251216,,,
LV electricity distribution main,150.90865206470755,4.91517310949138,,,
LV electricity distribution main,150.73624653858673,4.923861820625236,,,
LV electricity distribution main,150.56393089091506,4.92193713615235,,,
LV electricity distribution main,150.39207558729865,4.921936327638795,,,
LV electricity distribution main,150.22061195663932,4.9170963822762905,,,
LV electricity distribution main,150.04970647514202,5.005192596082231,,,
LV electricity distribution main,149.87614122835248,4.994210596733353,,,
LV electricity distribution main,149.70335588736654,5.0051927769620015,,,
LV electricity distribution main,149.53059004825028,4.994210780501628,,,
LV electricity distribution main,149.35859960949693,5.004094946487154,,,
LV electricity distribution main,149.18666530946163,4.994210961083844,,,
LV electricity distribution main,149.01546421599227,5.005193139433326,,,
LV electricity distribution main,148.92449519712596,15.823794749289323,,,
LV electricity distribution main,148.84428063224573,4.994211143080585,,,
LV electricity distribution main,116.2823367988531,4.429437211103951,,,
LV electricity distribution main,116.19002372738731,4.427605458282144,,,
LV electricity distribution main,116.09789510512108,4.43438086592273,,,
LV electricity distribution main,116.00577187474092,4.7978054235714,,,
LV electricity distribution main,115.90626949725946,4.796649948016012,,,
LV electricity distribution main,115.80696147572787,4.807619697678411,,,
LV electricity distribution main,115.70759707316273,4.79664976014674,,,
LV electricity distribution main,115.60862891673784,4.79664966672951,,,
LV electricity distribution main,115.5098298462205,4.796649572957391,,,
LV electricity distribution main,115.41119942878889,4.79780484825856,,,
LV electricity distribution main,96.48279594547984,4.977890555113003,,,
LV electricity distribution main,96.41136625156287,4.974598824807768,,,
LV electricity distribution main,96.34008929910159,4.981162659503654,,,
LV electricity distribution main,96.26882385001068,4.768283235495485,,,
LV electricity distribution main,96.20070058028101,4.778022865067375,,,
LV electricity distribution main,96.13253486713975,4.768285609023508,,,
LV electricity distribution main,96.0646041770342,4.768286791381564,,,
LV electricity distribution main,95.9967693730294,4.771441568761122,,,
LV electricity distribution main,95.92898551500602,4.774878372092898,,,
LV electricity distribution main,72.87229987857874,4.427606715940768,,,
LV electricity distribution main,72.83603897288175,4.436211707500518,,,
LV electricity distribution main,72.79974379443085,4.4276079730690405,,,
LV electricity distribution main,72.76355501379805,4.427608597313743,,,
LV electricity distribution main,72.72740218018563,4.458340273372233,,,
LV electricity distribution main,72.69103481099246,4.459392971967656,,,
LV electricity distribution main,72.6546952157126,4.459393035466983,,,
LV electricity distribution main,72.61839192637181,4.458340458924633,,,
LV electricity distribution main,72.58213344088996,4.448399524031385,,,
LV electricity distribution main,72.54599182204923,4.458340582061629,,,
LV electricity distribution main,68.20941638215301,4.459393290899515,,,
LV electricity distribution main,68.17741757119715,4.458340706232938,,,
LV electricity distribution main,68.14545630085357,4.975401221249526,,,
LV electricity distribution main,68.10982557946669,3.2172828419089776,,,
LV electricity distribution main,68.08680098060428,3.217283446979962,,,
LV electricity distribution main,68.06379193650938,3.3944632950719145,,,
LV electricity distribution main,68.0395330570528,3.3834138155235283,,,
LV electricity distribution main,68.01537031471132,3.1058730239633694,,,
LV electricity distribution main,67.99320409254494,3.1126776938325103,,,
LV electricity distribution main,67.97100381052651,3.3504486461618446,,,
LV electricity distribution main,67.94712448254532,3.3504482372429014,,,
LV electricity distribution main,67.92326192703771,4.667662904331357,,,
LV electricity distribution main,67.8900504097592,4.670633223360044,,,
LV electricity distribution main,66.83629131439841,4.667660412843402,,,
LV electricity distribution main,65.76081025582397,4.664116893047258,,,
LV electricity distribution main,64.64145649478188,4.674166815889374,,,
LV electricity distribution main,63.372897280172374,4.6641144001393995,,,
LV electricity distribution main,63.34400663605499,4.6676554303972635,,,
LV electricity distribution main,63.31512042143513,4.6706257315832,,,
LV electricity distribution main,63.28624218578442,4.2321472994209985,,,
LV electricity distribution main,63.26009665591385,4.232145930823661,,,
LV electricity distribution main,63.23397272418343,4.2376304650644485,,,
LV electricity distribution main,63.20783655670878,4.232143188324627,,,
LV electricity distribution main,63.18175576897966,4.367856198962219,,,
LV electricity distribution main,63.15486155367779,4.3746945522734375,,,
LV electricity distribution main,63.12794818543059,4.380108138066163,,,
LV electricity distribution main,63.1010244927859,4.359447385868434,,,
LV electricity distribution main,63.074250532876924,4.3594472121550405,,,
LV electricity distribution main,63.04749928013271,4.3702678441033065,,,
LV electricity distribution main,63.02070441769376,4.359446859802474,,,
LV electricity distribution main,54.43887113403582,4.771443941754946,,,
LV electricity distribution main,54.417059061655,4.768291539853079,,,
LV electricity distribution main,54.39527884546047,4.774881934330315,,,
LV electricity distribution main,54.37348599880479,4.771447495866401,,,
LV electricity distribution main,54.35172625367245,4.768295096268896,,,
LV electricity distribution main,54.329998267421345,4.7814755009288055,,,
LV electricity distribution main,54.3082276790915,4.774886681573358,,,
LV electricity distribution main,54.286504479306444,4.7846227739366025,,,
LV electricity distribution main,54.26475442440173,4.774889059335511,,,
LV electricity distribution main,54.243065964479214,4.781480254871975,,,
LV electricity distribution main,54.22136494036885,4.781481440756293,,,
LV electricity distribution main,51.903829491401204,4.981158660277743,,,
LV electricity distribution main,51.88312999963931,4.974594831755282,,,
LV electricity distribution main,51.86247424105054,4.98115598654325,,,
LV electricity distribution main,29.086490863707244,6.918626234484104,,,
LV electricity distribution main,18.334638747423266,4.721465480326882,,,
LV electricity distribution main,18.332189219176392,4.719958093976321,,,
LV electricity distribution main,18.32974112694235,4.719958681818296,,,
LV electricity distribution main,18.32729368811223,4.719959270721314,,,
LV electricity distribution main,18.324846902423943,4.721467843776831,,,
LV electricity distribution main,18.322399988307627,4.719960458047039,,,
LV electricity distribution main,12.747461765049914,5.005194592551909,,,
LV electricity distribution main,12.746206429485516,4.9942124206570435,,,
LV electricity distribution main,12.7449540944458,5.005194411314558,,,
LV electricity distribution main,12.743699252726879,4.9942122397207,,,
LV electricity distribution main,12.742447410303875,5.004096190119027,,,
LV electricity distribution main,12.741193337263933,4.9942120573670445,,,
LV electricity distribution main,10.742821658099531,3.9916623886602887,,,
LV electricity distribution main,10.742110591939387,3.9849498338318288,,,
LV electricity distribution main,10.043420617355816,3.991661097737642,,,
LV electricity distribution main,9.352119122101252,3.987324532240744,,,
LV electricity distribution main,9.35158081684786,4.793536178192945,,,
LV electricity distribution main,8.690601477775145,4.786775200672119,,,
LV electricity distribution main,8.116345835666202,4.795509984082555,,,
LV electricity distribution main,5.572492743272605,2.5729288742218284,,,
LV electricity distribution main,5.572369408780386,2.5738912112038066,,,
LV electricity distribution main,5.572246033621476,2.77801524684041,,,
LV electricity distribution main,5.572112880483048,2.7900296024701143,,,
LV electricity distribution main,4.978096982478526,4.697953462698876,,,
LV electricity distribution main,4.977917268842925,4.710093386062717,,,
LV electricity distribution main,4.977737103853619,4.708916419266222,,,
LV electricity distribution main,4.977556996918415,4.699132791994911,,,
LV electricity distribution main,4.977377277166642,4.708916228369016,,,
LV electricity distribution main,4.977197196275708,4.708916133464478,,,
LV electricity distribution main,4.977017128418304,4.699132499052634,,,
LV electricity distribution main,4.976837447659211,4.7089159457504985,,,
LV electricity distribution main,4.817020438013587,4.994211966002067,,,
LV electricity distribution main,4.816841555180991,5.005193958920437,,,
LV electricity distribution main,4.816662292338629,3.4335601919978433,,,
LV electricity distribution main,4.816539324410245,4.658360135195946,,,
LV electricity distribution main,4.816372503622404,4.6671431734183715,,,
LV electricity distribution main,4.816205379903387,4.681225231692803,,,
LV electricity distribution main,4.816037763593578,4.692200993321281,,,
LV electricity distribution main,3.5453314967393825,3.59585837206827,,,
LV electricity distribution main,3.5452617255457524,3.58907690823352,,,
LV electricity distribution main,3.5451920886700155,3.5958591691305806,,,
LV electricity distribution main,3.5451223229477344,3.753263495131713,,,
LV electricity distribution main,2.1858446608180166,4.708915848370282,,,
LV electricity distribution main,2.1858099293860964,4.699132208585322,,,
LV electricity distribution main,2.1857752712142267,4.708915660656324,,,
LV electricity distribution main,2.1857405419887184,4.710092414687575,,,
LV electricity distribution main,2.185705805188539,4.697952320946302,,,
LV electricity distribution main,2.026647661163295,4.28234232899912,,,
LV electricity distribution main,2.026620509076143,4.114995071540879,,,
LV electricity distribution main,2.026594418721976,4.114995116009744,,,
LV electricity distribution main,2.026568329039279,4.126006979142105,,,
LV electricity distribution main,2.026542170215054,4.114995204569355,,,
LV electricity distribution main,2.0265160818770203,4.114015025430319,,,
LV electricity distribution main,2.026490000424502,4.272143695488244,,,
LV electricity distribution main,2.026462917214059,3.0981811480146297,,,
LV electricity distribution main,2.026443276707671,3.100137137543332,,,
LV electricity distribution main,2.0264236241827356,3.6929438833529833,,,
LV electricity distribution main,2.026400214252237,3.6929445627047643,,,
LV electricity distribution main,2.0263768048583017,3.695944470403399,,,
LV electricity distribution main,2.0263533769898294,4.766655279491616,,,
LV electricity distribution main,2.0263231629961758,4.766656403871916,,,
LV electricity distribution main,2.0262929498963884,4.769630508040334,,,
LV electricity distribution main,2.026262718847539,4.766658662330527,,,
LV electricity distribution main,2.0262325075358656,4.769632764373652,,,
LV electricity distribution main,2.0262022782761884,4.76666092096516,,,
LV electricity distribution main,1.443786249618044,4.76963502247402,,,
LV electricity distribution main,0.7810641933705521,4.766663178540119,,,
LV electricity distribution secondary,1478.8213404434623,37.934659923792,,,
LV electricity distribution secondary,148.6738635501948,15.086165638311465,,,
LV electricity distribution secondary,115.31271355694072,12.960461031026837,,,
LV electricity distribution secondary,62.993998548902795,22.59987070774124,,,
LV electricity distribution secondary,54.199681264331076,19.511112204182286,,,
LV electricity distribution secondary,51.84180771944103,17.37720833459769,,,
LV electricity distribution secondary,41.422377460733685,17.592750980536145,,,
LV electricity distribution secondary,7.922921549099777,43.323293533306064,,,
LV electricity distribution secondary,4.815869766005921,15.573749635057021,,,
LV electricity distribution secondary,2.790812745019463,14.515035332809969,,,
LV electricity distribution secondary,2.1856711590196087,13.360052779731499,,,
LV electricity distribution secondary,1.2456286062717348,10.560985822857631,,,
LV electricity distribution secondary,1.2384361892847038,21.833073740787462,,,
LV electricity distribution secondary,1.0882459301693164,23.635846205931006,,,
LV electricity distribution secondary,1.0582727638390639,23.210572755268778,,,
LV electricity distribution secondary,1.0433235127785592,22.517168351491048,,,
LV electricity distribution secondary,1.0205589390323673,23.225439422200523,,,
LV electricity distribution secondary,1.012831654862472,18.713054860249304,,,
LV electricity distribution secondary,0.9836561553809343,13.916496811707177,,,
LV electricity distribution secondary,0.9555745466123915,11.919604070540892,,,
LV electricity distribution secondary,0.7810597042641341,29.50521553595331,,,
LV electricity distribution secondary,0.7130383997432799,21.49567087077125,,,
LV electricity distribution secondary,0.6979801979886878,7.59109838429847,,,
LV electricity distribution secondary,0.6979254531197555,21.920697796291172,,,
LV electricity distribution secondary,0.6906799966130894,8.619872008057964,,,
LV electricity distribution secondary,0.6792796691974027,17.710994132961012,,,
LV electricity distribution secondary,0.662706708003757,30.916623428213246,,,
LV electricity distribution secondary,0.6603322814748772,9.003462698836893,,,
LV electricity distribution secondary,0.6437133196231943,14.172629569923117,,,
LV electricity distribution secondary,0.6244065462286628,9.65901300039925,,,
LV electricity distribution secondary,0.6240175452761361,16.79269968240184,,,
LV electricity distribution secondary,0.6123256109723899,12.672929607559142,,,
LV electricity distribution secondary,0.5823858191344252,28.405236681047295,,,
LV electricity distribution secondary,0.5736976039493206,8.96124543599358,,,
LV electricity distribution secondary,0.5685565177551534,26.483884066835042,,,
LV electricity distribution secondary,0.5639731319073646,8.949059329828863,,,
Low-voltage electricity supply,2017.637614919353,,,,
