results_summary_supply_geothermal_capacity_adjusted_kW,run_id,result_type,combined_energy_supply_kW,technology_parameters_heat_pump_cop,results_summary_heat_pump_capacity_kW,topology_source,scenario,results_summary_total_heat_demand_kW,geothermal_heat_div_cop,year,neighborhood,lv_electricity_supply
6234.853077387273,20260121_122454,median,188.93494173900825,4.0,0.0,stedin,district_heating,5163.878999545072,188.93494173900825,2013,multatulibuurt,0.0
6308.920093362571,20260121_122454,median,191.17939676856275,4.0,0.0,osm,district_heating,5163.878999545072,191.17939676856275,2013,multatulibuurt,0.0
,20260121_122454,median,1372.2519831780564,4.0,5163.878999545072,stedin,full_electrification,5163.878999545072,0.0,2013,multatulibuurt,1372.2519831780564
,20260121_122454,median,1339.955639807806,4.0,5163.878999545072,osm,full_electrification,5163.878999545072,0.0,2013,multatulibuurt,1339.955639807806
2947.8885690886,20260121_122454,median,771.5099307863056,4.0,2697.736170339424,stedin,hybrid,5163.878999545072,89.32995663904849,2013,multatulibuurt,682.1799741472571
2936.26559801824,20260121_122454,median,773.7370569067053,4.0,2697.736170339424,osm,hybrid,5163.878999545072,88.97774539449212,2013,multatulibuurt,684.7593115122132
5760.339704227906,20260121_122454,median,174.55574861296685,4.0,0.0,stedin,district_heating,4735.97523464146,174.55574861296685,2019,multatulibuurt,0.0
5835.426536243851,20260121_122454,median,176.8311071589046,4.0,0.0,osm,district_heating,4735.975234641459,176.8311071589046,2019,multatulibuurt,0.0
,20260121_122454,median,1252.570615249678,4.0,4735.97523464146,stedin,full_electrification,4735.97523464146,0.0,2019,multatulibuurt,1252.570615249678
,20260121_122454,median,1226.177303971802,4.0,4735.975234641459,osm,full_electrification,4735.975234641459,0.0,2019,multatulibuurt,1226.177303971802
2764.531357480884,20260121_122454,median,698.8040057440447,4.0,2434.853895882756,stedin,hybrid,4735.97523464146,83.77367749942073,2019,multatulibuurt,615.030328244624
2752.908386410525,20260121_122454,median,700.5444059174437,4.0,2434.853895882756,osm,hybrid,4735.97523464146,83.4214662548644,2019,multatulibuurt,617.1229396625793
5208.482935992957,20260121_122454,median,157.8328162422108,4.0,0.0,stedin,district_heating,4239.026170485219,157.8328162422108,2020,multatulibuurt,0.0
5284.5008259478855,20260121_122454,median,160.13638866508745,4.0,0.0,osm,district_heating,4239.02617048522,160.13638866508745,2020,multatulibuurt,0.0
,20260121_122454,median,1111.325929268036,4.0,4239.026170485219,stedin,full_electrification,4239.026170485219,0.0,2020,multatulibuurt,1111.325929268036
,20260121_122454,median,1093.1049267889184,4.0,4239.02617048522,osm,full_electrification,4239.02617048522,0.0,2020,multatulibuurt,1093.1049267889184
2514.48776373851,20260121_122454,median,621.8717059364337,4.0,2162.944066094653,stedin,hybrid,4239.026170485219,76.19659890116696,2020,multatulibuurt,545.6751070352668
2502.8647926681506,20260121_122454,median,623.210713485357,4.0,2162.944066094653,osm,hybrid,4239.026170485219,75.84438765661062,2020,multatulibuurt,547.3663258287464
12859.484220154687,20260121_122454,median,389.6813400046875,4.0,0.0,stedin,district_heating,11195.228861364363,389.6813400046875,2013,holstbuurt,0.0
12881.480802330556,20260121_122454,median,390.3479031009259,4.0,0.0,osm,district_heating,11195.228861364363,390.3479031009259,2013,holstbuurt,0.0
,20260121_122454,median,2961.3399937543536,4.0,11195.228861364363,stedin,full_electrification,11195.228861364363,0.0,2013,holstbuurt,2961.3399937543536
,20260121_122454,median,2936.123596577528,4.0,11195.228861364363,osm,full_electrification,11195.228861364363,0.0,2013,holstbuurt,2936.123596577528
11308.368898223627,20260121_122454,median,659.7632371112516,4.0,1249.2596259876798,stedin,hybrid,11195.228861364369,342.67784540071597,2013,holstbuurt,317.08539171053553
11296.655372168374,20260121_122454,median,659.0617411880822,4.0,1249.2596259876798,osm,hybrid,11195.228861364369,342.3228900657083,2013,holstbuurt,316.73885112237394
12012.62156022762,20260121_122454,median,364.01883515841274,4.0,0.0,stedin,district_heating,10433.052467430009,364.01883515841274,2019,holstbuurt,0.0
12034.61814240349,20260121_122454,median,364.6853982546512,4.0,0.0,osm,district_heating,10433.052467430003,364.6853982546512,2019,holstbuurt,0.0
,20260121_122454,median,2753.024787768729,4.0,10433.052467430009,stedin,full_electrification,10433.052467430009,0.0,2019,holstbuurt,2753.024787768729
,20260121_122454,median,2729.252992164733,4.0,10433.052467430003,osm,full_electrification,10433.052467430003,0.0,2019,holstbuurt,2729.252992164733
10573.249102881267,20260121_122454,median,611.6343128611861,4.0,1148.691047861446,stedin,hybrid,10433.052467430009,320.401487966099,2019,holstbuurt,291.2328248950871
10561.535576826012,20260121_122454,median,610.9835864896472,4.0,1148.691047861446,osm,hybrid,10433.052467430009,320.0465326310913,2019,holstbuurt,290.937053858556
10495.930759388562,20260121_122454,median,318.05850786025945,4.0,0.0,stedin,district_heating,9068.030746674853,318.05850786025945,2020,holstbuurt,0.0
10517.927341564426,20260121_122454,median,318.72507095649775,4.0,0.0,osm,district_heating,9068.03074667485,318.72507095649775,2020,holstbuurt,0.0
,20260121_122454,median,2380.6414348074327,4.0,9068.03074667485,stedin,full_electrification,9068.03074667485,0.0,2020,holstbuurt,2380.6414348074327
,20260121_122454,median,2361.257500936155,4.0,9068.03074667485,osm,full_electrification,9068.03074667485,0.0,2020,holstbuurt,2361.257500936155
9256.052101854695,20260121_122454,median,525.6112799776146,4.0,969.1466280302031,stedin,hybrid,9068.03074667485,280.4864273289302,2020,holstbuurt,245.1248526486844
9244.338575799444,20260121_122454,median,525.0676878223564,4.0,969.1466280302031,osm,hybrid,9068.03074667485,280.13147199392256,2020,holstbuurt,244.93621582843383
7871.656706811648,20260121_122454,median,238.5350517215651,4.0,0.0,stedin,district_heating,6949.155142941,238.5350517215651,2013,mythologiebuurt,0.0
7874.139079434024,20260121_122454,median,238.61027513436437,4.0,0.0,osm,district_heating,6949.155142941,238.61027513436437,2013,mythologiebuurt,0.0
,20260121_122454,median,1873.81936170605,4.0,6949.155142941,stedin,full_electrification,6949.155142941,0.0,2013,mythologiebuurt,1873.81936170605
,20260121_122454,median,1989.056473418725,4.0,6949.155142941,osm,full_electrification,6949.155142941,0.0,2013,mythologiebuurt,1989.056473418725
7837.737100360651,20260121_122454,median,244.23634478889,4.0,26.83162232750748,stedin,hybrid,6949.155142941,237.50718485941368,2013,mythologiebuurt,6.729159929476319
7842.337847230114,20260121_122454,median,244.36978266032287,4.0,26.83162232750748,osm,hybrid,6949.155142941,237.64660143121557,2013,mythologiebuurt,6.723181229107292
6801.680147289264,20260121_122454,median,206.1115196148262,4.0,0.0,stedin,district_heating,5986.176239370851,206.1115196148262,2019,mythologiebuurt,0.0
6804.162519911638,20260121_122454,median,206.1867430276254,4.0,0.0,osm,district_heating,5986.176239370851,206.1867430276254,2019,mythologiebuurt,0.0
,20260121_122454,median,1604.5005701372988,4.0,5986.176239370851,stedin,full_electrification,5986.176239370851,0.0,2019,mythologiebuurt,1604.5005701372988
,20260121_122454,median,1671.607294445209,4.0,5986.176239370851,osm,full_electrification,5986.176239370851,0.0,2019,mythologiebuurt,1671.607294445209
6716.837864807081,20260121_122454,median,221.41184961234092,4.0,71.42289236893936,stedin,hybrid,5986.176239370851,203.54054135779035,2019,mythologiebuurt,17.87130825455057
6721.402358566583,20260121_122454,median,221.6434557502317,4.0,71.42289236893936,osm,hybrid,5986.176239370851,203.6788593505025,2019,mythologiebuurt,17.96459639972921
5378.130059427262,20260121_122454,median,162.97363816446247,4.0,0.0,stedin,district_heating,4704.981160295047,162.97363816446247,2020,mythologiebuurt,0.0
5380.612432049631,20260121_122454,median,163.04886157726153,4.0,0.0,osm,district_heating,4704.981160295047,163.04886157726153,2020,mythologiebuurt,0.0
,20260121_122454,median,1239.9810153947758,4.0,4704.981160295047,stedin,full_electrification,4704.981160295047,0.0,2020,mythologiebuurt,1239.9810153947758
,20260121_122454,median,1287.808293464521,4.0,4704.981160295047,osm,full_electrification,4704.981160295047,0.0,2020,mythologiebuurt,1287.808293464521
5318.220922428212,20260121_122454,median,173.41473546392612,4.0,48.98306143411877,stedin,hybrid,4704.981160295047,161.15820977055188,2020,mythologiebuurt,12.25652569337423
5322.785416187712,20260121_122454,median,173.58708579010445,4.0,48.98306143411877,osm,hybrid,4704.981160295047,161.296527763264,2020,mythologiebuurt,12.290558026840433
8541.371085470135,20260121_122454,median,258.82942683242834,4.0,0.0,stedin,district_heating,7520.457660008799,258.82942683242834,2013,poptahofzuid,0.0
8573.285483160902,20260121_122454,median,259.7965297927546,4.0,0.0,osm,district_heating,7520.4576600088,259.7965297927546,2013,poptahofzuid,0.0
,20260121_122454,median,2094.0675781273494,4.0,7520.457660008799,stedin,full_electrification,7520.457660008799,0.0,2013,poptahofzuid,2094.0675781273494
,20260121_122454,median,2017.637614919353,4.0,7520.4576600088,osm,full_electrification,7520.4576600088,0.0,2013,poptahofzuid,2017.637614919353
8340.136139849508,20260121_122454,median,290.5211952207786,4.0,150.92949131882045,stedin,hybrid,7520.4576600088,252.73139817725783,2013,poptahofzuid,37.78979704352082
8358.775768509531,20260121_122454,median,291.081525492718,4.0,150.92949131882045,osm,hybrid,7520.4576600088,253.29623540937973,2013,poptahofzuid,37.78529008333828
7314.671305681055,20260121_122454,median,221.65670623275923,4.0,0.0,stedin,district_heating,6416.427858198631,221.65670623275923,2019,poptahofzuid,0.0
7346.585703371824,20260121_122454,median,222.62380919308558,4.0,0.0,osm,district_heating,6416.427858198631,222.62380919308558,2019,poptahofzuid,0.0
,20260121_122454,median,1765.2994837872016,4.0,6416.427858198631,stedin,full_electrification,6416.427858198631,0.0,2019,poptahofzuid,1765.2994837872016
,20260121_122454,median,1708.1731883254192,4.0,6416.427858198631,osm,full_electrification,6416.427858198631,0.0,2019,poptahofzuid,1708.1731883254192
7141.673728031115,20260121_122454,median,247.83127602836083,4.0,125.51586014520342,stedin,hybrid,6416.427858198631,216.41435539488228,2019,poptahofzuid,31.41692063347856
7160.313356691138,20260121_122454,median,248.39774854813237,4.0,125.51586014520342,osm,hybrid,6416.427858198631,216.97919262700418,2019,poptahofzuid,31.4185559211282
6553.200769811618,20260121_122454,median,198.58184150944297,4.0,0.0,stedin,district_heating,5731.1043759161375,198.58184150944297,2020,poptahofzuid,0.0
6585.115167502387,20260121_122454,median,199.54894446976928,4.0,0.0,osm,district_heating,5731.104375916138,199.54894446976928,2020,poptahofzuid,0.0
,20260121_122454,median,1560.796424863226,4.0,5731.104375916138,stedin,full_electrification,5731.104375916138,0.0,2020,poptahofzuid,1560.796424863226
,20260121_122454,median,1515.73210745823,4.0,5731.104375916138,osm,full_electrification,5731.104375916138,0.0,2020,poptahofzuid,1515.73210745823
6394.039692960057,20260121_122454,median,222.05687207913493,4.0,113.06300942666104,stedin,hybrid,5731.104375916138,193.7587785745472,2020,poptahofzuid,28.298093504587733
6412.679321620082,20260121_122454,median,222.6219311927901,4.0,113.06300942666104,osm,hybrid,5731.104375916138,194.32361580666915,2020,poptahofzuid,28.29831538612094
5760.339704227906,20260121_202912,sensitivity,174.55574861296685,4.0,0.0,stedin,district_heating,4735.97523464146,174.55574861296685,2019,multatulibuurt,0.0
,20260121_202912,sensitivity,1252.570615249678,4.0,4735.97523464146,stedin,full_electrification,4735.97523464146,0.0,2019,multatulibuurt,1252.570615249678
5760.396150695325,20260121_202912,sensitivity,174.55745911197954,4.0,0.0,stedin,district_heating,4735.97523464146,174.55745911197954,2019,multatulibuurt,0.0
5760.635667787352,20260121_202912,sensitivity,174.56471720567734,4.0,0.0,stedin,district_heating,4735.97523464146,174.56471720567734,2019,multatulibuurt,0.0
6389.700950077652,20260121_202912,sensitivity,193.6273015175046,4.0,0.0,stedin,district_heating,4735.97523464146,193.6273015175046,2019,multatulibuurt,0.0
5245.407775805386,20260121_202912,sensitivity,158.95175078198142,4.0,0.0,stedin,district_heating,4735.97523464146,158.95175078198142,2019,multatulibuurt,0.0
5760.339704227906,20260121_202912,sensitivity,174.55574861296685,4.0,0.0,stedin,district_heating,4735.97523464146,174.55574861296685,2019,multatulibuurt,0.0
5760.339704227906,20260121_202912,sensitivity,174.55574861296685,4.0,0.0,stedin,district_heating,4735.97523464146,174.55574861296685,2019,multatulibuurt,0.0
5732.135541013976,20260121_202912,sensitivity,173.7010770004235,4.0,0.0,stedin,district_heating,4735.97523464146,173.7010770004235,2019,multatulibuurt,0.0
5788.5438674418365,20260121_202912,sensitivity,175.4104202255102,4.0,0.0,stedin,district_heating,4735.97523464146,175.4104202255102,2019,multatulibuurt,0.0
5748.338216692783,20260121_202912,sensitivity,174.1920671725086,4.0,0.0,stedin,district_heating,4735.97523464146,174.1920671725086,2019,multatulibuurt,0.0
5772.341191763029,20260121_202912,sensitivity,174.91943005342512,4.0,0.0,stedin,district_heating,4735.97523464146,174.91943005342512,2019,multatulibuurt,0.0
5750.701648841443,20260121_202912,sensitivity,174.26368632852856,4.0,0.0,stedin,district_heating,4735.97523464146,174.26368632852856,2019,multatulibuurt,0.0
5769.9777596143695,20260121_202912,sensitivity,174.84781089740514,4.0,0.0,stedin,district_heating,4735.97523464146,174.84781089740514,2019,multatulibuurt,0.0
5732.135541013976,20260121_202912,sensitivity,173.7010770004235,4.0,0.0,stedin,district_heating,4735.97523464146,173.7010770004235,2019,multatulibuurt,0.0
5788.5438674418365,20260121_202912,sensitivity,175.4104202255102,4.0,0.0,stedin,district_heating,4735.97523464146,175.4104202255102,2019,multatulibuurt,0.0
5748.338216692783,20260121_202912,sensitivity,174.1920671725086,4.0,0.0,stedin,district_heating,4735.97523464146,174.1920671725086,2019,multatulibuurt,0.0
5772.341191763029,20260121_202912,sensitivity,174.91943005342512,4.0,0.0,stedin,district_heating,4735.97523464146,174.91943005342512,2019,multatulibuurt,0.0
,20260121_202912,sensitivity,1252.8687832784651,4.0,4735.97523464146,stedin,full_electrification,4735.97523464146,0.0,2019,multatulibuurt,1252.8687832784651
,20260121_202912,sensitivity,1252.7975656806454,4.0,4735.975234641459,stedin,full_electrification,4735.975234641459,0.0,2019,multatulibuurt,1252.7975656806454
,20260121_202912,sensitivity,1706.2537534746898,3.0,4735.97523464146,stedin,full_electrification,4735.97523464146,0.0,2019,multatulibuurt,1706.2537534746898
,20260121_202912,sensitivity,896.101376818733,5.5,4735.97523464146,stedin,full_electrification,4735.97523464146,0.0,2019,multatulibuurt,896.101376818733
,20260121_202912,sensitivity,1245.093543628227,4.0,4735.97523464146,stedin,full_electrification,4735.97523464146,0.0,2019,multatulibuurt,1245.093543628227
,20260121_202912,sensitivity,1260.25073513906,4.0,4735.97523464146,stedin,full_electrification,4735.97523464146,0.0,2019,multatulibuurt,1260.25073513906
,20260121_202912,sensitivity,1252.3813838398405,4.0,4735.97523464146,stedin,full_electrification,4735.97523464146,0.0,2019,multatulibuurt,1252.3813838398405
,20260121_202912,sensitivity,1252.759854546413,4.0,4735.97523464146,stedin,full_electrification,4735.97523464146,0.0,2019,multatulibuurt,1252.759854546413
,20260121_202912,sensitivity,1245.003938726962,4.0,4735.97523464146,stedin,full_electrification,4735.97523464146,0.0,2019,multatulibuurt,1245.003938726962
,20260121_202912,sensitivity,1260.345303594746,4.0,4735.97523464146,stedin,full_electrification,4735.97523464146,0.0,2019,multatulibuurt,1260.345303594746
,20260121_202912,sensitivity,1252.3790855311106,4.0,4735.97523464146,stedin,full_electrification,4735.97523464146,0.0,2019,multatulibuurt,1252.3790855311106
,20260121_202912,sensitivity,1252.7621530478907,4.0,4735.97523464146,stedin,full_electrification,4735.97523464146,0.0,2019,multatulibuurt,1252.7621530478907
