nodes,latitude,longitude,comment
geothermie_delft,51.99963603,4.369511688,
warmtenet1,51.99946819,4.368539431,
warmtenet2,52.00076801,4.367734683,
warmtenet3,52.00001674,4.364504274,
warmtenet4,51.998751,4.357796,
warmtenet5,51.997254,4.358429,
warmtenet6,51.996797,4.356165,
warmtenet7,51.99648,4.356302,
warmtenet8,51.996224,4.354993,
warmtenet9,51.996155,4.354445,
warmtenet10,51.996405,4.354305,
warmtenet11,51.996214,4.353239,
warmtenet12,51.995935,4.353338,
warmtenet13,51.999908,4.357129,
warmtenet14,51.999402,4.354487,
warmtenet15,51.999275,4.353306,
MV_LV_transformer1,51.99713515572916,4.353206794684424,
MV_LV_transformer2,51.9983346776647,4.352400306720559,
MV_LV_transformer3,51.99653123436089,4.349969685770777,
MV_LV_transformer4,51.99780662463287,4.352814007003974,
MV_LV_transformer5,51.99786428889545,4.349707267451255,
MV_LV_transformer6,51.99853183532301,4.3539894522640274,
D0503100000000168,51.99885555904383,4.353728122764981,
D0503100000001498,51.99754177998157,4.3496616705466975,
D0503100000001499,51.99806310688964,4.349636973209003,
D0503100000011458,51.997582534593214,4.350109904687423,
D0503100000011549,51.9975478144843,4.349847016032551,
D0503100000011550,51.99755459772605,4.349911613097355,
D0503100000011552,51.99772972189376,4.350365833493134,
D0503100000011553,51.99754108246951,4.349782407399886,
D0503100000011554,51.99756132713894,4.349976225988566,
D0503100000025533,51.99742754692561,4.3528456340080535,
D0503100000027952,51.99752203357138,4.349714781167966,
D0503100000030049,51.998727575488665,4.352260822795404,
D0503100000030050,51.9982254087377,4.35264413280072,
D0503100000030051,51.998233200343805,4.352718789335063,
D0503100000030052,51.99868186478459,4.352980801322776,
D0503100000031080,51.997584725927865,4.350038175929522,
D0503100000031377,51.998280132807714,4.353168417009305,
D0503100000031378,51.998272164854335,4.353092072235048,
D0503100000031379,51.99826437348475,4.3530174155693295,
D0503100000031380,51.99822367713709,4.352564104659474,
D0503100000031381,51.99824099190262,4.352793445895678,
D0503100000031382,51.99825658206789,4.352942758929884,
D0503100000031383,51.99824878521148,4.352868102441102,
D0503100000032908,51.99897561407337,4.352807999366318,
D0503100000033567,51.99844242999653,4.351332075050152,
D0503100000033568,51.99796556004621,4.351299153769851,
D0503100000033569,51.99799092955237,4.351368950398087,
D0503100000033570,51.99798120525727,4.351448376752472,
D0503100000033571,51.99798902599459,4.351522988324842,
D0503100000033572,51.99799685025378,4.351597596928657,
D0503100000033573,51.99802031740695,4.351821428846568,
D0503100000033574,51.99801249326384,4.351746817251786,
D0503100000033575,51.99800467087094,4.351672205641859,
D0503100000034895,51.997196488562246,4.353456562036109,
D0503100000035282,51.9970460971808,4.352637033126066,
D0503100000035763,51.99692508554235,4.3518680448078735,
LVEtransmission1,51.9965917,4.3500502,
LVEtransmission2,51.9986103,4.3514529,
LVEtransmission3,51.9989248,4.3528144,
LVEtransmission4,51.9978156,4.352482,
LVEtransmission5,51.997697,4.3528545,
LVEtransmission6,51.9977836,4.3533218,
LVEtransmission7,51.9986916,4.3524066,
LVEtransmission8,51.9976212,4.3501548,
LVEtransmission9,51.9979094,4.3530155,
LVEtransmission10,51.9968752,4.3512623,
LVEtransmission11,51.9978199,4.3496472,
LVEtransmission12,51.9970651,4.3529723,
LVEtransmission13,51.9973498,4.3543666,
LVEtransmission14,51.9971647,4.3535407,
LVEtransmission15,51.9980481,4.3497472,
LVEtransmission16,51.9978671,4.3527864,
LVEtransmission17,51.9974585,4.3546925,
LVEtransmission18,51.997445,4.3546882,
LVEtransmission19,51.9968565,4.3518588,
LVEtransmission20,51.9971851,4.3499981,
LVEtransmission21,51.9990993,4.3534722,
LVEtransmission22,51.9980905,4.3512086,
LVEtransmission23,51.9973541,4.3543958,
LVEtransmission24,51.9982888,4.3496438,
LVEtransmission25,51.9974987,4.3539045,
LVEtransmission26,51.9979758,4.3497672,
LVEtransmission27,51.9986171,4.3498826,
LVEtransmission28,51.9972739,4.3540696,
LVEtransmission29,51.9971189,4.355364,
LVEtransmission30,51.9966636,4.3507674,
LVEtransmission31,51.998207,4.3511766,
LVEtransmission32,51.9974876,4.3500611,
LVEtransmission33,52.0000554,4.3498449,
LVEtransmission34,51.9985488,4.3536187,
LVEtransmission35,51.9970715,4.3556223,
LVEtransmission36,51.9981571,4.349276,
LVEtransmission37,51.997555,4.3510177,
LVEtransmission38,51.997459,4.3546956,
LVEtransmission39,51.9985296,4.3495782,
LVEtransmission40,51.9978216,4.3528037,
LVEtransmission41,51.9982821,4.3496486,
LVEtransmission42,51.998494,4.3494401,
LVEtransmission43,51.9968996,4.3533859,
LVEtransmission44,51.9974571,4.3509746,
LVEtransmission45,51.9997229,4.3499383,
LVEtransmission46,51.997025,4.352799,
LVEtransmission47,51.9988037,4.3535555,
LVEtransmission48,51.9983255,4.3524479,
LVEtransmission49,51.9969033,4.3514151,
LVEtransmission50,51.9992523,4.35436,
LVEtransmission51,51.9989333,4.351294,
LVEtransmission52,51.9978796,4.3528463,
LVEtransmission53,51.9973908,4.3545995,
LVEtransmission54,51.9974042,4.3546156,
LVEtransmission55,51.9973833,4.3503885,
LVEtransmission56,51.9968255,4.3510758,
LVEtransmission57,51.9973527,4.3543596,
LVEtransmission58,51.9968637,4.3531754,
LVEtransmission59,51.9978467,4.3504177,
LVEtransmission60,51.9970812,4.3530913,
LVEtransmission61,51.9975775,4.3511475,
LVEtransmission62,51.9967016,4.3502273,
LVEtransmission63,51.9986975,4.3502474,
LVEtransmission64,51.9973278,4.3535712,
LVEtransmission65,51.9995721,4.3533081,
LVEtransmission66,51.9973688,4.3544633,
LVEtransmission67,51.9990693,4.349778,
LVEtransmission68,51.9985704,4.3495651,
LVEtransmission69,51.9989847,4.3516374,
LVEtransmission70,51.9971181,4.3553629,
LVEtransmission71,51.9991647,4.3535369,
LVEtransmission72,51.997143,4.3534261,
LVEtransmission73,51.9967116,4.35009,
LVEtransmission74,51.9996141,4.3532962,
LVEtransmission75,51.9980909,4.3514557,
LVEtransmission76,51.9990653,4.3525747,
LVEtransmission77,51.997126,4.353221,
LVEtransmission78,51.9966026,4.350321,
LVEtransmission79,51.9988615,4.3508132,
LVEtransmission80,51.9974312,4.3509921,
LVEtransmission81,51.9990928,4.35383,
LVEtransmission82,51.9983076,4.3525988,
LVEtransmission83,51.9967329,4.3502116,
LVEtransmission84,51.9991283,4.3543905,
LVEtransmission85,51.9978279,4.352552,
LVEtransmission86,51.9991755,4.3538072,
LVEtransmission87,51.9974738,4.3509657,
LVEtransmission88,51.9971487,4.3534416,
LVEtransmission89,51.9971236,4.3533049,
LVEtransmission90,51.9985796,4.3545385,
LVEtransmission91,51.9978705,4.3527926,
LVEtransmission92,51.9973224,4.3537062,
LVEtransmission93,51.997455,4.3509825,
LVEtransmission94,51.9990478,4.3497165,
LVEtransmission95,51.9970678,4.3530234,
LVEtransmission96,52.0002696,4.3497797,
LVEtransmission97,51.9968476,4.3516708,
LVEtransmission98,51.9985447,4.3536219,
LVEtransmission99,51.9976299,4.3514312,
LVEtransmission100,51.997673,4.3516877,
LVEtransmission101,51.9975389,4.3509407,
LVEtransmission102,51.9969715,4.3524981,
LVEtransmission103,51.9968147,4.3509241,
LVEtransmission104,51.9968208,4.3516619,
LVEtransmission105,51.9987707,4.3498354,
LVEtransmission106,51.9980575,4.3537368,
LVEtransmission107,51.9980388,4.3537314,
LVEtransmission108,51.9976667,4.3516415,
LVEtransmission109,51.9971257,4.3532196,
LVEtransmission110,51.9988009,4.3528485,
LVEtransmission111,51.9978694,4.3497644,
LVEtransmission112,51.9992033,4.3536672,
LVEtransmission113,51.9981982,4.3496709,
LVEtransmission114,51.9996382,4.3531487,
LVEtransmission115,51.9991696,4.3543804,
LVEtransmission116,51.9978248,4.3525532,
LVEtransmission117,51.9968909,4.3513476,
LVEtransmission118,51.9984833,4.352462,
LVEtransmission119,51.9972335,4.3538686,
LVEtransmission120,51.9978797,4.35385,
LVEtransmission121,51.997667,4.3516414,
LVEtransmission122,51.999157,4.3531026,
LVEtransmission123,51.9979773,4.3533895,
LVEtransmission124,51.9996125,4.3531326,
LVEtransmission125,51.9986265,4.3499458,
LVEtransmission126,51.9989539,4.3514314,
LVEtransmission127,51.9967663,4.3506535,
LVEtransmission128,51.9974547,4.3509811,
LVEtransmission129,51.9990768,4.3526447,
LVEtransmission130,51.9993873,4.3533615,
LVEtransmission131,51.9969235,4.3535263,
LVEtransmission132,51.9968876,4.3533157,
LVEtransmission133,51.9974255,4.3546502,
LVEtransmission134,51.9969169,4.351352,
LVEtransmission135,51.9971265,4.3532238,
LVEtransmission136,51.9982083,4.3519013,
LVEtransmission137,51.9984991,4.3494387,
LVEtransmission138,51.9973605,4.3544004,
LVEtransmission139,51.996742,4.3512486,
LVEtransmission140,51.9973207,4.3536474,
LVEtransmission141,51.9981767,4.3511971,
LVEtransmission142,51.9967317,4.350208,
LVEtransmission143,51.9985023,4.3538249,
LVEtransmission144,51.9972326,4.3538691,
LVEtransmission145,51.997903,4.3497889,
LVEtransmission146,51.9978553,4.3499713,
LVEtransmission147,51.9973932,4.3545972,
LVEtransmission148,51.9982404,4.3536951,
LVEtransmission149,51.9983999,4.3524841,
LVEtransmission150,51.9983471,4.3524146,
LVEtransmission151,51.9976423,4.3515012,
LVEtransmission152,51.9966188,4.3505419,
LVEtransmission153,51.9990993,4.3534723,
LVEtransmission154,51.9971044,4.3555504,
LVEtransmission155,51.9970844,4.3554657,
LVEtransmission156,51.9979757,4.3497687,
LVEtransmission157,51.9977187,4.350128,
LVEtransmission158,51.9984102,4.3545849,
LVEtransmission159,51.9969825,4.3525445,
LVEtransmission160,51.9976657,4.3516419,
LVEtransmission161,51.999211,4.3543702,
LVEtransmission162,51.9989061,4.3517316,
LVEtransmission163,51.9978762,4.3493545,
LVEtransmission164,51.9967995,4.3515358,
LVEtransmission165,51.9998088,4.3499147,
LVEtransmission166,51.9974266,4.3546479,
LVEtransmission167,51.9978209,4.3527995,
LVEtransmission168,51.9987891,4.3506189,
LVEtransmission169,51.9969124,4.3512435,
LVEtransmission170,51.9968922,4.3520557,
LVEtransmission171,51.997924,4.3504334,
LVEtransmission172,51.9977325,4.3520237,
LVEtransmission173,51.998409,4.3496106,
LVEtransmission174,51.9978677,4.353784,
LVEtransmission175,51.9975185,4.3502,
LVEtransmission176,51.9994882,4.3533319,
LVEtransmission177,51.9973345,4.3501151,
LVEtransmission178,51.997998,4.3497753,
LVEtransmission179,51.9967308,4.3511779,
LVEtransmission180,51.9993646,4.3538122,
LVEtransmission181,51.9969796,4.3500951,
LVEtransmission182,51.9970008,4.3525308,
LVEtransmission183,51.9966995,4.3500209,
LVEtransmission184,51.9977613,4.3528684,
LVEtransmission185,51.9992745,4.3498723,
LVEtransmission186,51.9990899,4.3497048,
LVEtransmission187,51.9965322,4.3499326,
LVEtransmission188,51.9975788,4.3511469,
LVEtransmission189,51.9966747,4.3508313,
LVEtransmission190,51.9968351,4.3516754,
LVEtransmission191,51.9973237,4.3538066,
LVEtransmission192,51.9966413,4.350266,
LVEtransmission193,51.9966525,4.3507035,
LVEtransmission194,51.9976544,4.3515714,
LVEtransmission195,51.9976412,4.3515018,
LVEtransmission196,51.9971553,4.3553397,
LVEtransmission197,51.9969832,4.3525455,
LVEtransmission198,51.9981608,4.3537171,
LVEtransmission199,51.9974582,4.3546909,
LVEtransmission200,51.997092,4.3554215,
LVEtransmission201,51.9976167,4.3513616,
LVEtransmission202,51.9994283,4.3532407,
LVEtransmission203,51.9977065,4.352896,
LVEtransmission204,51.9992675,4.353187,
LVEtransmission205,51.9980972,4.3515158,
LVEtransmission206,51.9965602,4.3500375,
LVEtransmission207,51.9969911,4.3526142,
LVEtransmission208,51.9985643,4.3518258,
LVEtransmission209,51.998586,4.3536173,
LVEtransmission210,51.9971198,4.3532673,
LVEtransmission211,51.9975067,4.3545816,
LVEtransmission212,51.9969115,4.3534561,
LVEtransmission213,51.999891,4.3498914,
LVEtransmission214,51.997835,4.3528353,
LVEtransmission215,51.9969026,4.3514183,
LVEtransmission216,51.9987615,4.3535672,
LVEtransmission217,51.9996371,4.3499619,
LVEtransmission218,51.9991632,4.3535313,
LVEtransmission219,51.9988285,4.3517529,
LVEtransmission220,51.9974431,4.3546935,
LVEtransmission221,51.9970343,4.3528654,
LVEtransmission222,51.9987597,4.3528598,
LVEtransmission223,51.9996522,4.3537414,
LVEtransmission224,51.9986771,4.3528825,
LVEtransmission225,51.9974464,4.3546842,
LVEtransmission226,51.9974049,4.3546146,
LVEtransmission227,51.9972262,4.3499787,
LVEtransmission228,51.9974062,4.3546126,
LVEtransmission229,51.9979393,4.3497788,
LVEtransmission230,51.9984041,4.35187,
LVEtransmission231,51.9973559,4.354401,
LVEtransmission232,51.9973223,4.3500468,
LVEtransmission233,51.9978332,4.3497543,
LVEtransmission234,51.9982242,4.351495,
LVEtransmission235,51.9994151,4.3537993,
LVEtransmission236,51.9990267,4.3497862,
LVEtransmission237,51.9984877,4.3536934,
LVEtransmission238,51.9991229,4.3529248,
LVEtransmission239,51.9976966,4.3528571,
LVEtransmission240,51.9978032,4.3524119,
LVEtransmission241,51.996721,4.3501487,
LVEtransmission242,51.9989744,4.3515687,
LVEtransmission243,51.997873,4.3497388,
LVEtransmission244,51.9974946,4.3501326,
LVEtransmission245,51.9993779,4.353939,
LVEtransmission246,51.9976183,4.3513553,
LVEtransmission247,51.998349,4.3514606,
LVEtransmission248,51.9976968,4.3518221,
LVEtransmission249,51.9991457,4.3530433,
LVEtransmission250,51.9967111,4.3531655,
LVEtransmission251,51.9985662,4.3524385,
LVEtransmission252,51.9983469,4.3529735,
LVEtransmission253,51.9989128,4.3511566,
LVEtransmission254,51.997792,4.3523597,
LVEtransmission255,51.9965242,4.3499382,
LVEtransmission256,51.9978491,4.3538512,
LVEtransmission257,51.9991851,4.3496763,
LVEtransmission258,51.9971612,4.3534176,
LVEtransmission259,51.9970018,4.352684,
LVEtransmission260,51.9991674,4.353496,
LVEtransmission261,51.9976298,4.3514312,
LVEtransmission262,51.9986864,4.3523663,
LVEtransmission263,51.9991665,4.3534959,
LVEtransmission264,51.9983557,4.3524527,
LVEtransmission265,51.9978403,4.3526221,
LVEtransmission266,51.9967879,4.351474,
LVEtransmission267,51.9977651,4.3504781,
LVEtransmission268,51.9980487,4.3537356,
LVEtransmission269,51.998133,4.3518551,
LVEtransmission270,51.9990994,4.3534738,
LVEtransmission271,51.9974865,4.3509549,
LVEtransmission272,51.9986834,4.351793,
LVEtransmission273,51.9976211,4.3527375,
LVEtransmission274,51.9968151,4.3501727,
LVEtransmission275,51.9984294,4.3529507,
LVEtransmission276,51.9997327,4.353719,
LVEtransmission277,51.9977596,4.3531898,
LVEtransmission278,51.9978314,4.3497548,
LVEtransmission279,51.9988457,4.3535414,
LVEtransmission280,51.9974645,4.3508411,
LVEtransmission281,51.9993678,4.3533858,
LVEtransmission282,51.9977918,4.3493778,
LVEtransmission283,51.9969275,4.3522475,
LVEtransmission284,51.9974593,4.3546972,
LVEtransmission285,51.9971609,4.3534162,
LVEtransmission286,52.0002465,4.3497862,
LVEtransmission287,51.9989837,4.3517102,
LVEtransmission288,51.9971117,4.3532354,
LVEtransmission289,51.9978218,4.3528052,
LVEtransmission290,51.9988835,4.3528257,
LVEtransmission291,51.9977135,4.3528902,
LVEtransmission292,51.9975026,4.3502053,
LVEtransmission293,51.9976421,4.3515013,
LVEtransmission294,51.9986401,4.3513805,
LVEtransmission295,51.9977929,4.3528572,
LVEtransmission296,51.9980656,4.3512154,
LVEtransmission297,51.9987192,4.3503031,
LVEtransmission298,51.9991661,4.3534821,
LVEtransmission299,51.9969486,4.352369,
LVEtransmission300,51.9983689,4.3496217,
LVEtransmission301,51.9981216,4.3537256,
LVEtransmission302,51.9968247,4.3516753,
LVEtransmission303,51.9978571,4.3527786,
LVEtransmission304,51.9985008,4.3538253,
LVEtransmission305,51.9978211,4.3528009,
LVEtransmission306,51.9993712,4.3538756,
LVEtransmission307,51.9968003,4.3515353,
LVEtransmission308,51.9971001,4.3531729,
LVEtransmission309,51.9971065,4.3532318,
LVEtransmission310,51.996538,4.3499382,
LVEtransmission311,51.99851,4.352379,
LVEtransmission312,51.9983002,4.3524548,
LVEtransmission313,51.997914,4.3497971,
LVEtransmission314,51.9968974,4.3501339,
LVEtransmission315,51.997541,4.3509441,
LVEtransmission316,51.9981288,4.3496895,
LVEtransmission317,51.999278,4.3497678,
LVEtransmission318,51.9968869,4.3514211,
LVEtransmission319,51.9977299,4.352881,
LVEtransmission320,51.9976849,4.3517549,
LVEtransmission321,51.9986549,4.3501353,
LVEtransmission322,51.9970536,4.3529473,
LVEtransmission323,51.998856,4.349819,
LVEtransmission324,51.9971215,4.3553625,
LVEtransmission325,51.9978979,4.3529538,
LVEtransmission326,51.996699,4.3500223,
LVEtransmission327,51.996701,4.350032,
LVEtransmission328,51.9974247,4.3546217,
LVEtransmission329,51.9978287,4.3501014,
LVEtransmission330,51.9975459,4.3509523,
LVEtransmission331,51.9989725,4.3535068,
LVEtransmission332,51.9989305,4.3535205,
LVEtransmission333,51.9980411,4.3497649,
LVEtransmission334,51.997679,4.3517116,
LVEtransmission335,51.9972878,4.3499739,
LVEtransmission336,51.99836,4.3525205,
LVEtransmission337,51.9977563,4.3521581,
LVEtransmission338,51.9984419,4.3524715,
LVEtransmission339,51.9971363,4.3533739,
LVEtransmission340,51.9970234,4.3528061,
LVEtransmission341,51.9978375,4.3528297,
LVEtransmission342,51.9970811,4.353073,
LVEtransmission343,51.9974837,4.3504299,
LVEtransmission344,51.9970021,4.3526806,
LVEtransmission345,51.9979549,4.3497856,
LVEtransmission346,51.9981285,4.3496881,
LVEtransmission347,51.9981397,4.3519202,
LVEtransmission348,51.998492,4.3494406,
LVEtransmission349,51.9973716,4.3545745,
LVEtransmission350,51.9986823,4.3523271,
LVEtransmission351,51.9975878,4.3504921,
LVEtransmission352,51.9970772,4.3555645,
LVEtransmission353,51.9981061,4.3515944,
LVEtransmission354,51.9966866,4.3508948,
LVEtransmission355,51.9978207,4.3496463,
LVEtransmission356,51.9976175,4.3513611,
LVEtransmission357,51.9991684,4.3531618,
LVEtransmission358,51.9985981,4.3497562,
LVEtransmission359,51.9993416,4.3534672,
LVEtransmission360,51.998622,4.3545269,
LVEtransmission361,51.9967772,4.3514139,
LVEtransmission362,51.9989942,4.3496193,
LVEtransmission363,51.9978307,4.3496501,
LVEtransmission364,51.9969696,4.351252,
LVEtransmission365,51.9978584,4.3527824,
LVEtransmission366,51.9978603,4.3500319,
LVEtransmission367,51.9990538,4.3525047,
LVEtransmission368,51.9978276,4.3528387,
LVEtransmission369,51.9977203,4.3504883,
LVEtransmission370,51.9967983,4.3515366,
LVEtransmission371,51.9975391,4.3539293,
LVEtransmission372,51.9993352,4.3535258,
LVEtransmission373,51.997046,4.3529298,
LVEtransmission374,51.996827,4.351453,
LVEtransmission375,51.9993845,4.3540024,
LVEtransmission376,51.9978461,4.3504209,
LVEtransmission377,51.996992,4.3526209,
LVEtransmission378,51.9993899,4.3538057,
LVEtransmission379,51.9985569,4.3514034,
LVEtransmission380,51.9967429,4.3512482,
LVEtransmission381,51.9978638,4.3527729,
LVEtransmission382,51.9971106,4.3532344,
LVEtransmission383,51.9984415,4.3494434,
LVEtransmission384,51.9984386,4.3524709,
LVEtransmission385,51.9977042,4.3518515,
LVEtransmission386,51.996697,4.3509659,
LVEtransmission387,51.9977896,4.3523423,
LVEtransmission388,51.9971234,4.3553638,
LVEtransmission389,51.9993704,4.3533927,
LVEtransmission390,51.9974036,4.3546167,
LVEtransmission391,51.9985887,4.3496931,
LVEtransmission392,51.9968328,4.3517275,
LVEtransmission393,51.9976794,4.3517114,
LVEtransmission394,51.9970131,4.35274,
LVEtransmission395,51.9976876,4.3528472,
LVEtransmission396,51.9988422,4.3528371,
LVEtransmission397,51.9976534,4.3515719,
LVEtransmission398,51.9986689,4.3497596,
LVEtransmission399,51.998762,4.3539212,
LVEtransmission400,51.9974077,4.3505251,
LVEtransmission401,51.9980121,4.3497586,
LVEtransmission402,51.9970559,4.3555891,
LVEtransmission403,51.997869,4.3497645,
LVEtransmission404,51.9977159,4.3519218,
LVEtransmission405,51.9974728,4.3509627,
LVEtransmission406,51.9977444,4.3520909,
LVEtransmission407,51.9988447,4.3538984,
LVEtransmission408,51.9986076,4.3524274,
LVEtransmission409,51.9986082,4.3524288,
LVEtransmission410,51.9994176,4.3543194,
LVEtransmission411,51.9974846,4.350952,
LVEtransmission412,51.9978654,4.3500926,
LVEtransmission413,51.9984394,4.3536399,
LVEtransmission414,51.9968217,4.3516614,
LVEtransmission415,51.9965984,4.3503582,
LVEtransmission416,51.9976238,4.353953,
LVEtransmission417,51.9987914,4.3544805,
LVEtransmission418,51.9984895,4.3495881,
LVEtransmission419,51.9993367,4.3500444,
LVEtransmission420,51.9971756,4.353598,
LVEtransmission421,51.9973711,4.3503201,
LVEtransmission422,51.9980484,4.3497486,
LVEtransmission423,51.9977223,4.35049,
LVEtransmission424,51.9993796,4.3500326,
LVEtransmission425,51.9971269,4.3553588,
LVEtransmission426,51.9965989,4.3503582,
LVEtransmission427,51.9993494,4.353669,
LVEtransmission428,51.9984819,4.3536292,
LVEtransmission429,51.9983507,4.3524136,
LVEtransmission430,51.9983241,4.351892,
LVEtransmission431,51.9965643,4.3500428,
LVEtransmission432,51.9996957,4.3531563,
LVEtransmission433,51.9994841,4.3531962,
LVEtransmission434,51.9970973,4.3555149,
LVEtransmission435,51.997834,4.3493661,
LVEtransmission436,51.9978158,4.3524941,
LVEtransmission437,51.9978642,4.3527748,
LVEtransmission438,51.9965256,4.349948,
LVEtransmission439,51.9985124,4.3495045,
LVEtransmission440,51.9971611,4.3535092,
LVEtransmission441,51.997123,4.3533044,
LVEtransmission442,51.9973776,4.35383,
LVEtransmission443,51.9995326,4.3537726,
LVEtransmission444,51.9993499,4.353669,
LVEtransmission445,51.9977146,4.3519223,
LVEtransmission446,51.997544,4.3509533,
LVEtransmission447,51.9986751,4.3535891,
LVEtransmission448,51.9986037,4.3513901,
LVEtransmission449,51.9967213,4.3501485,
LVEtransmission450,51.9991547,4.3497616,
LVEtransmission451,51.998728,4.3498436,
LVEtransmission452,51.9971982,4.3537121,
LVEtransmission453,51.9984359,4.3494576,
LVEtransmission454,51.9974445,4.3546895,
LVEtransmission455,51.9974588,4.3546941,
LVEtransmission456,51.9978578,4.3527812,
LVEtransmission457,51.9986758,4.3501916,
LVEtransmission458,51.999348,4.3534086,
LVEtransmission459,51.9980333,4.3537118,
LVEtransmission460,51.9975084,4.3505481,
LVEtransmission461,51.9977087,4.3518893,
LVEtransmission462,51.9978673,4.3497973,
LVEtransmission463,51.9985836,4.3536166,
LVEtransmission464,52.0002452,4.3497724,
LVEtransmission465,51.9982474,4.3511654,
LVEtransmission466,51.9968538,4.3514391,
LVEtransmission467,51.9983583,4.3524952,
LVEtransmission468,51.9975904,4.3504913,
LVEtransmission469,51.9969374,4.3523119,
LVEtransmission470,51.9975346,4.3509397,
LVEtransmission471,51.9971086,4.3532052,
LVEtransmission472,51.9983074,4.3514721,
LVEtransmission473,51.9989884,4.3495648,
LVEtransmission474,51.9978314,4.3528027,
LVEtransmission475,51.9968389,4.3510594,
LVEtransmission476,51.9985153,4.3514149,
LVEtransmission477,51.9974737,4.349918,
LVEtransmission478,51.997287,4.3541135,
LVEtransmission479,51.9973236,4.353651,
LVEtransmission480,51.9987191,4.3535774,
LVEtransmission481,51.9975657,4.3510758,
LVEtransmission482,51.9984073,4.3496115,
LVEtransmission483,51.9970906,4.3531229,
LVEtransmission484,51.9989609,4.3544341,
LVEtransmission485,51.9977269,4.3519924,
LVEtransmission486,51.9992951,4.3534176,
LVEtransmission487,51.996696,4.3500207,
LVEtransmission488,51.9977364,4.3539021,
LVEtransmission489,51.9985092,4.3538902,
LVEtransmission490,51.9982089,4.3496674,
LVEtransmission491,51.9983403,4.352911,
LVEtransmission492,51.9985774,4.3511392,
LVEtransmission493,51.9965934,4.3503946,
LVEtransmission494,51.9971152,4.353205,
LVEtransmission495,51.9974023,4.3546187,
LVEtransmission496,51.9989688,4.3538642,
LVEtransmission497,51.9968648,4.3514356,
LVEtransmission498,51.9970343,4.3528672,
LVEtransmission499,51.9985133,4.3539561,
LVEtransmission500,51.9970845,4.3554629,
LVEtransmission501,51.9970756,4.3530354,
LVEtransmission502,51.9986228,4.350666,
LVEtransmission503,51.9984955,4.3537597,
LVEtransmission504,51.999357,4.3537406,
LVEtransmission505,51.9984005,4.3524825,
LVEtransmission506,51.9966112,4.3504925,
LVEtransmission507,51.9968446,4.3517932,
LVEtransmission508,51.9969744,4.3512396,
LVEtransmission509,51.9983498,4.3524139,
LVEtransmission510,51.9987207,4.3539326,
LVEtransmission511,51.9984883,4.3495906,
LVEtransmission512,51.9990515,4.3538414,
LVEtransmission513,51.9985304,4.3510876,
LVEtransmission514,51.9983207,4.3527237,
LVEtransmission515,51.9966189,4.350056,
LVEtransmission516,51.9978641,4.3497221,
LVEtransmission517,51.9991415,4.3534607,
LVEtransmission518,51.9978348,4.3528064,
LVEtransmission519,51.9978312,4.3528011,
LVEtransmission520,51.9977956,4.3533878,
LVEtransmission521,51.9977801,4.3522925,
LVEtransmission522,51.9968026,4.3508565,
LVEtransmission523,51.9977634,4.3504766,
LVEtransmission524,51.9985245,4.3495691,
LVEtransmission525,51.9984862,4.3536942,
LVEtransmission526,51.9991114,4.3528548,
LVEtransmission527,51.9978393,4.3528227,
LVEtransmission528,51.9991757,4.3535368,
LVEtransmission529,51.998888,4.3535298,
LVEtransmission530,51.996833,4.351674,
LVEtransmission531,51.9978437,4.3536519,
LVEtransmission532,51.9981685,4.349677,
LVEtransmission533,51.9986043,4.3518148,
LVEtransmission534,51.9981826,4.3515064,
LVEtransmission535,51.9970701,4.3555274,
LVEtransmission536,51.9986905,4.3524054,
LVEtransmission537,51.9981568,4.3496842,
LVEtransmission538,51.9974233,4.3546549,
LVEtransmission539,51.997599,4.3512652,
LVEtransmission540,51.9968832,4.3513056,
LVEtransmission541,51.9983497,4.3524397,
LVEtransmission542,51.9979606,4.3493312,
LVEtransmission543,51.9976005,4.3512646,
LVEtransmission544,51.9978511,4.3504165,
LVEtransmission545,51.9974029,4.3546177,
LVEtransmission546,51.9976547,4.3515713,
LVEtransmission547,51.9967542,4.3505859,
LVEtransmission548,51.9986,4.3495542,
LVEtransmission549,51.9977476,4.3531238,
LVEtransmission550,51.998984,4.3497944,
LVEtransmission551,51.9967388,4.3531547,
LVEtransmission552,51.9983254,4.3524464,
LVEtransmission553,51.9977636,4.3522027,
LVEtransmission554,51.998478,4.3524605,
LVEtransmission555,51.9967989,4.3515366,
LVEtransmission556,51.9980078,4.350521,
LVEtransmission557,51.9978527,4.3526921,
LVEtransmission558,51.9974455,4.3546868,
LVEtransmission559,51.9986541,4.3501359,
LVEtransmission560,51.9977554,4.3501191,
LVEtransmission561,51.9974914,4.3509576,
LVEtransmission562,51.9975932,4.3504876,
LVEtransmission563,51.9971354,4.3533743,
LVEtransmission564,51.9992392,4.3496606,
LVEtransmission565,51.9978354,4.3528366,
LVEtransmission566,51.9974076,4.3510032,
LVEtransmission567,51.9971262,4.3532224,
LVEtransmission568,51.9970836,4.3554622,
LVEtransmission569,51.9984946,4.353759,
LVEtransmission570,51.9985142,4.3539559,
LVEtransmission571,51.9986515,4.3535992,
LVEtransmission572,51.9983239,4.3496367,
LVEtransmission573,51.9970727,4.3530229,
LVEtransmission574,51.9970126,4.352745,
LVEtransmission575,51.9980824,4.3537341,
LVEtransmission576,51.9974244,4.3546526,
LVEtransmission577,51.9969041,4.3521214,
LVEtransmission578,51.9988882,4.3535321,
LVEtransmission579,51.9976017,4.3512845,
LVEtransmission580,51.9981128,4.3516596,
LVEtransmission581,51.9968327,4.3517275,
LVEtransmission582,51.9976368,4.3505137,
LVEtransmission583,51.9967659,4.3513586,
LVEtransmission584,51.9991555,4.353466,
LVEtransmission585,51.9985141,4.3536222,
LVEtransmission586,51.9991632,4.3535166,
LVEtransmission587,51.9992122,4.3496685,
LVEtransmission588,51.9982403,4.3496604,
LVEtransmission589,51.9987475,4.3506307,
LVEtransmission590,51.9990148,4.3495572,
LVEtransmission591,51.9985002,4.3538251,
LVEtransmission592,51.997127,4.3532266,
LVEtransmission593,51.9975338,4.3509424,
LVEtransmission594,51.9986177,4.3536094,
LVEtransmission595,51.9992937,4.3500562,
LVEtransmission596,51.9984882,4.3536946,
LVEtransmission597,51.9984932,4.3537596,
LVEtransmission598,51.9978305,4.3528039,
LVEtransmission599,51.9985666,4.3524398,
LVEtransmission600,51.9971335,4.3553472,
LVEtransmission601,51.9981294,4.3492846,
LVEtransmission602,51.9978317,4.3535859,
LVEtransmission603,51.9993877,4.3533629,
LVEtransmission604,51.9971013,4.3553819,
LVEtransmission605,51.9992726,4.349784,
LVEtransmission606,51.9974576,4.3546877,
LVEtransmission607,51.9967091,4.3510362,
LVEtransmission608,51.9972066,4.3537484,
LVEtransmission609,51.9973816,4.3545296,
LVEtransmission610,51.9975337,4.350941,
LVEtransmission611,51.9976779,4.351712,
LVEtransmission612,51.9988881,4.3535307,
LVEtransmission613,51.9972212,4.3538267,
LVEtransmission614,51.9973235,4.3543058,
LVEtransmission615,51.997543,4.3509448,
LVEtransmission616,51.9986831,4.3523269,
LVEtransmission617,51.9967082,4.3510366,
LVEtransmission618,51.9997563,4.353395,
LVEtransmission619,51.9982809,4.3522597,
LVEtransmission620,51.9994543,4.3537904,
LVEtransmission621,51.9976851,4.3528496,
LVEtransmission622,51.9978377,4.3528108,
LVEtransmission623,51.9978574,4.3527799,
LVEtransmission624,51.9993864,4.3532526,
LVEtransmission625,51.9970862,4.355477,
LVEtransmission626,51.9978578,4.3497238,
LVEtransmission627,51.9966857,4.3508952,
LVEtransmission628,52.0000143,4.3498565,
LVEtransmission629,51.9997659,4.3499265,
LVEtransmission630,51.9978649,4.3497218,
LVEtransmission631,51.9976989,4.3539191,
LVEtransmission632,51.9984792,4.3536288,
LVEtransmission633,51.9985151,4.3539557,
LVEtransmission634,51.9969627,4.3524448,
LVEtransmission635,51.9976796,4.3505018,
LVEtransmission636,51.9979664,4.353326,
LVEtransmission637,51.9976611,4.3516205,
LVEtransmission638,51.999302,4.3532242,
LVEtransmission639,51.9984525,4.3545733,
LVEtransmission640,51.9984322,4.3514377,
LVEtransmission641,51.9968562,4.3501533,
LVEtransmission642,51.9988458,4.3535424,
LVEtransmission643,51.998072,4.3512755,
LVEtransmission644,51.9979325,4.353139,
LVEtransmission645,51.9977062,4.3529067,
LVEtransmission646,51.9972873,4.3541043,
LVEtransmission647,51.9978651,4.3527622,
LVEtransmission648,51.998244,4.3519141,
LVEtransmission649,51.9967891,4.3514704,
LVEtransmission650,51.9990423,4.3524346,
LVEtransmission651,51.9987491,4.3544921,
LVEtransmission652,51.9974482,4.3502424,
LVEtransmission653,51.9969495,4.3512216,
LVEtransmission654,51.9975922,4.3505247,
LVEtransmission655,51.9971084,4.3532324,
LVEtransmission656,51.9978602,4.349738,
LVEtransmission657,51.9974525,4.3502663,
LVEtransmission658,51.996619,4.3500575,
LVEtransmission659,51.997094,4.3531611,
LVEtransmission660,51.9976613,4.353936,
LVEtransmission661,51.9965322,4.3499342,
LVEtransmission662,51.9975758,4.3511186,
LVEtransmission663,51.9966979,4.3509655,
LVEtransmission664,51.9976138,4.353968,
LVEtransmission665,51.9983515,4.3524134,
LVEtransmission666,51.9973475,4.3544402,
LVEtransmission667,51.9973676,4.3544672,
LVEtransmission668,51.997014,4.3527396,
LVEtransmission669,51.9975403,4.3509474,
LVEtransmission670,51.9987844,4.3504704,
LVEtransmission671,51.9970982,4.3531603,
LVEtransmission672,51.9986399,4.3495962,
LVEtransmission673,51.999656,4.3532843,
LVEtransmission674,51.9976852,4.3501372,
LVEtransmission675,51.9991417,4.3534621,
LVEtransmission676,51.9970522,4.3529494,
LVEtransmission677,51.9971974,4.3537126,
LVEtransmission678,51.9988987,4.3498108,
LVEtransmission679,51.9968252,4.3516739,
LVEtransmission680,51.997765,4.3522022,
LVEtransmission681,51.9978608,4.3527729,
LVEtransmission682,51.9975601,4.3501835,
LVEtransmission683,51.9978359,4.3497798,
LVEtransmission684,51.9986868,4.3523661,
LVEtransmission685,51.9985002,4.3494398,
LVEtransmission686,51.9983283,4.3511432,
LVEtransmission687,51.9970945,4.3531598,
LVEtransmission688,51.9970811,4.3530729,
LVEtransmission689,51.9972983,4.349982,
LVEtransmission690,51.9973678,4.3544669,
LVEtransmission691,51.9978284,4.3496456,
LVEtransmission692,51.9981019,4.3510732,
LVEtransmission693,51.9974667,4.3498465,
LVEtransmission694,51.9986592,4.3497051,
LVEtransmission695,51.9987184,4.3528712,
LVEtransmission696,51.9986358,4.3528939,
LVEtransmission697,51.997774,4.3538852,
LVEtransmission698,51.9973114,4.3542386,
LVEtransmission699,51.9990572,4.3534854,
LVEtransmission700,51.9969069,4.3535341,
LVEtransmission701,51.9977289,4.3519916,
LVEtransmission702,51.997359,4.3543558,
LVEtransmission703,51.9985943,4.3539677,
LVEtransmission704,51.9980423,4.3537348,
LVEtransmission705,51.9991699,4.349719,
LVEtransmission706,51.9986368,4.3539558,
LVEtransmission707,51.9968448,4.3517931,
LVEtransmission708,51.9991768,4.3532096,
LVEtransmission709,51.9982802,4.353684,
LVEtransmission710,51.998045,4.3493079,
LVEtransmission711,51.9974459,4.3546855,
LVEtransmission712,51.9965573,4.3500295,
LVEtransmission713,51.9978731,4.3538527,
LVEtransmission714,51.9977206,4.3519565,
LVEtransmission715,51.9977024,4.3518522,
LVEtransmission716,51.9978739,4.3498069,
LVEtransmission717,51.9977068,4.3528864,
LVEtransmission718,51.9973589,4.3502518,
LVEtransmission719,51.9968929,4.3520555,
LVEtransmission720,51.9973834,4.3545305,
LVEtransmission721,51.9975794,4.3539541,
LVEtransmission722,51.9974746,4.3508966,
LVEtransmission723,51.9973596,4.3545073,
LVEtransmission724,51.9974579,4.3546893,
LVEtransmission725,51.9981806,4.3492318,
LVEtransmission726,51.9994545,4.3533408,
LVEtransmission727,51.9970564,4.3529518,
LVEtransmission728,51.996849,4.3512083,
LVEtransmission729,51.9990148,4.3534957,
LVEtransmission730,51.9974199,4.3505935,
LVEtransmission731,51.9987627,4.3504146,
LVEtransmission732,51.9978611,4.3497466,
LVEtransmission733,51.9975561,4.351019,
LVEtransmission734,51.9989641,4.3515001,
LVEtransmission735,51.9967537,4.3513037,
LVEtransmission736,51.997394,4.3545964,
LVEtransmission737,51.9976255,4.3514189,
LVEtransmission738,51.9989725,4.3535074,
LVEtransmission739,51.9974238,4.3546538,
LVEtransmission740,51.9968631,4.3511947,
LVEtransmission741,51.9991377,4.3535516,
LVEtransmission742,51.9986853,4.3498518,
LVEtransmission743,51.9992681,4.349811,
LVEtransmission744,51.9970618,4.3500563,
LVEtransmission745,52.0002114,4.349781,
LVEtransmission746,51.9974625,4.3509736,
LVEtransmission747,51.996938,4.3523083,
LVEtransmission748,51.9968863,4.3514241,
LVEtransmission749,51.9967195,4.3511073,
LVEtransmission750,51.9969751,4.3512759,
LVEtransmission751,51.9974596,4.3546988,
LVEtransmission752,51.9977165,4.3519216,
LVEtransmission753,51.9971252,4.3532168,
LVEtransmission754,51.998846,4.3535438,
LVEtransmission755,51.9977073,4.3528892,
LVEtransmission756,51.998289,4.3496453,
LVEtransmission757,51.998115,4.3496961,
LVEtransmission758,51.9972151,4.3537846,
LVEtransmission759,51.9971029,4.3500369,
LVEtransmission760,51.997835,4.3528048,
LVEtransmission761,51.9969553,4.3513313,
LVEtransmission762,51.9991641,4.3535168,
LVEtransmission763,51.997862,4.3527844,
LVEtransmission764,51.997999,4.3535166,
LVEtransmission765,51.9977527,4.3521321,
LVEtransmission766,51.997814,4.3495773,
LVEtransmission767,51.9973467,4.3501835,
LVEtransmission768,51.9975448,4.3509525,
LVEtransmission769,51.997681,4.3528491,
LVEtransmission770,51.9970949,4.3531591,
LVEtransmission771,51.9971268,4.3532252,
LVEtransmission772,51.9993911,4.3540658,
LVEtransmission773,51.9979603,4.3504234,
LVEtransmission774,51.9987509,4.3517743,
LVEtransmission775,51.9965453,4.3499661,
LVEtransmission776,51.9978395,4.3526285,
LVEtransmission777,51.9993343,4.3535258,
LVEtransmission778,51.9983641,4.351881,
LVEtransmission779,51.9973587,4.3543952,
LVEtransmission780,51.9984945,4.35376,
LVEtransmission781,51.9966663,4.3502479,
LVEtransmission782,51.9984737,4.3514263,
LVEtransmission783,51.9990147,4.3534953,
LVEtransmission784,51.9983691,4.3496231,
LVEtransmission785,51.9989999,4.3496737,
LVEtransmission786,51.9975442,4.3509597,
LVEtransmission787,51.9969812,4.3525517,
LVEtransmission788,51.9984798,4.3536266,
LVEtransmission789,51.9987897,4.3517636,
LVEtransmission790,51.998301,4.3525363,
LVEtransmission791,51.9980872,4.3492963,
LVEtransmission792,51.9984833,4.3524605,
LVEtransmission793,51.9973569,4.354396,
LVEtransmission794,51.9974895,4.3509559,
LVEtransmission795,51.9978276,4.3528026,
LVEtransmission796,51.9989274,4.3538756,
LVEtransmission797,51.9973792,4.3545334,
LVEtransmission798,51.9991646,4.3535441,
LVEtransmission799,51.9993419,4.3535974,
LVEtransmission800,51.998213,4.3519468,
LVEtransmission801,51.9969481,4.3523744,
LVEtransmission802,51.9970019,4.352677,
LVEtransmission803,51.9978302,4.3496453,
LVEtransmission804,51.9968517,4.3531052,
LVEtransmission805,51.9986192,4.3536073,
LVEtransmission806,51.9994702,4.3532288,
LVEtransmission807,51.9982675,4.3521307,
LVEtransmission808,51.9978401,4.3528235,
LVEtransmission809,51.9982608,4.3520663,
LVEtransmission810,51.9969697,4.3524906,
LVEtransmission811,51.9973344,4.3535681,
LVEtransmission812,51.9991559,4.3534648,
LVEtransmission813,51.9990101,4.3538528,
LVEtransmission814,51.999175,4.3535395,
LVEtransmission815,51.9969856,4.3525406,
LVEtransmission816,51.997691,4.3528505,
LVEtransmission817,51.9969592,4.3524298,
LVEtransmission818,51.9997509,4.3533478,
LVEtransmission819,51.9971323,4.3533607,
LVEtransmission820,51.9990057,4.3497282,
LVEtransmission821,51.9988279,4.3505819,
LVEtransmission822,51.9977514,4.3521326,
LVEtransmission823,51.9984092,4.3496121,
LVEtransmission824,51.9974444,4.3507301,
LVEtransmission825,51.9970451,4.3529282,
LVEtransmission826,51.9981564,4.3496828,
LVEtransmission827,51.9984887,4.3536944,
LVEtransmission828,51.9978066,4.3495108,
LVEtransmission829,51.9991687,4.3535444,
LVEtransmission830,51.998584,4.3512019,
LVEtransmission831,51.998741,4.3503589,
LVEtransmission832,51.9976918,4.3517815,
LVEtransmission833,51.9984074,4.3496129,
LVEtransmission834,51.9966423,4.3506392,
LVEtransmission835,51.9992936,4.3543499,
LVEtransmission836,51.9978221,4.3528065,
LVEtransmission837,51.9982818,4.3496472,
LVEtransmission838,51.9978204,4.3527967,
LVEtransmission839,51.9976901,4.3517821,
LVEtransmission840,51.9979035,4.3497873,
LVEtransmission841,51.9978633,4.3497415,
LVEtransmission842,51.9974528,4.3497035,
LVEtransmission843,51.9967316,4.3511775,
LVEtransmission844,51.9971752,4.3553512,
LVEtransmission845,51.9993411,4.3534672,
LVEtransmission846,51.9978349,4.349783,
LVEtransmission847,51.9985174,4.35245,
LVEtransmission848,51.9972566,4.3539811,
LVEtransmission849,51.998284,4.3519031,
LVEtransmission850,51.9971539,4.3534834,
LVEtransmission851,51.9970011,4.3525322,
LVEtransmission852,51.9981463,4.3512176,
LVEtransmission853,51.9968141,4.3531217,
LVEtransmission854,51.9971184,4.353205,
LVEtransmission855,51.9965387,4.3499371,
LVEtransmission856,51.9978197,4.3535199,
LVEtransmission857,51.9996924,4.3537302,
LVEtransmission858,51.996731,4.350207,
LVEtransmission859,51.9973553,4.3543922,
LVEtransmission860,51.9971858,4.3536445,
LVEtransmission861,51.9970529,4.3529484,
LVEtransmission862,51.9968495,4.350993,
LVEtransmission863,51.9981153,4.3512018,
LVEtransmission864,51.9977921,4.3501103,
LVEtransmission865,51.9977036,4.3518517,
LVEtransmission866,51.998512,4.352928,
LVEtransmission867,51.9969695,4.3524994,
LVEtransmission868,51.997082,4.35309,
LVEtransmission869,51.9980572,4.3497364,
LVEtransmission870,51.9994881,4.3533305,
LVEtransmission871,51.9986076,4.3498194,
LVEtransmission872,51.9971218,4.3553542,
LVEtransmission873,51.9985105,4.3494901,
LVEtransmission874,51.9978615,4.349742,
LVEtransmission875,51.9988673,4.3517422,
LVEtransmission876,51.998249,4.3496563,
LVEtransmission877,51.9967764,4.3531382,
LVEtransmission878,51.9966035,4.3503218,
LVEtransmission879,51.9990456,4.3544109,
LVEtransmission880,51.998827,4.3505825,
LVEtransmission881,51.9975015,4.3502041,
LVEtransmission882,51.9969538,4.3523916,
LVEtransmission883,51.9986608,4.3515774,
LVEtransmission884,51.9988034,4.3535529,
LVEtransmission885,51.999174,4.3496814,
LVEtransmission886,51.9975873,4.3504892,
LVEtransmission887,51.9966575,4.3500383,
LVEtransmission888,51.999335,4.3543397,
LVEtransmission889,51.9976773,4.3505,
LVEtransmission890,51.9968102,4.3515988,
LVEtransmission891,51.9991653,4.3534826,
LVEtransmission892,51.9976927,4.3528493,
LVEtransmission893,51.9982487,4.3496549,
LVEtransmission894,51.9969049,4.3521211,
LVEtransmission895,51.9988512,4.3507445,
LVEtransmission896,51.9994547,4.3533422,
LVEtransmission897,51.998516,4.3539554,
LVEtransmission898,51.9983305,4.3525284,
LVEtransmission899,51.9985876,4.3536153,
LVEtransmission900,51.9978078,4.3504662,
LVEtransmission901,51.9977027,4.3528796,
LVEtransmission902,51.9994044,4.3541926,
LVEtransmission903,51.9967204,4.3511069,
LVEtransmission904,51.9965595,4.3500386,
LVEtransmission905,51.9985971,4.3513274,
LVEtransmission906,51.996787,4.3514739,
LVEtransmission907,51.9971273,4.353228,
LVEtransmission908,51.9967897,4.3514723,
LVEtransmission909,51.9995942,4.3499737,
LVEtransmission910,51.9978514,4.3504534,
LVEtransmission911,51.9966755,4.3508309,
LVEtransmission912,51.9970207,4.3500757,
LVEtransmission913,51.9972675,4.3540518,
LVEtransmission914,51.997222,4.3538262,
LVEtransmission915,51.9966197,4.3505415,
LVEtransmission916,51.9982006,4.3537061,
LVEtransmission917,51.9978505,4.3504543,
LVEtransmission918,51.9992101,4.3532028,
LVEtransmission919,51.9970903,4.3554794,
LVEtransmission920,51.999087,4.3544007,
LVEtransmission921,51.9978115,4.3538682,
LVEtransmission922,51.9993763,4.3543296,
LVEtransmission923,51.9973797,4.3545328,
LVEtransmission924,51.997663,4.3528601,
LVEtransmission925,51.9977391,4.3520625,
LVEtransmission926,51.9985248,4.3524495,
LVEtransmission927,51.9984729,4.3494474,
LVEtransmission928,51.9985014,4.3538245,
LVEtransmission929,51.9968608,4.3512746,
LVEtransmission930,51.9992567,4.3534283,
LVEtransmission931,51.9984491,4.3495996,
LVEtransmission932,51.9978423,4.350419,
LVEtransmission933,51.9980406,4.3497635,
LVEtransmission934,51.9984884,4.3495914,
LVEtransmission935,51.9980028,4.3493196,
LVEtransmission936,51.9975941,4.3505256,
LVEtransmission937,51.9970346,4.3528638,
LVEtransmission938,51.9973722,4.3544652,
LVEtransmission939,51.9975844,4.3504901,
LVEtransmission940,51.9978275,4.3497009,
LVEtransmission941,51.9966224,4.3502939,
LVEtransmission942,51.9976086,4.3513131,
LVEtransmission943,51.9968268,4.3509918,
LVEtransmission944,51.9975178,4.3502013,
LVEtransmission945,51.9968756,4.3513578,
LVEtransmission946,51.996711,4.3500903,
LVEtransmission947,51.9970571,4.3529508,
LVEtransmission948,51.9995302,4.35332,
LVEtransmission949,51.9982742,4.3521952,
LVEtransmission950,51.997423,4.3509975,
LVEtransmission951,51.9985242,4.3518368,
LVEtransmission952,51.9977908,4.3523419,
LVEtransmission953,51.9973924,4.3545979,
LVEtransmission954,51.9978445,4.3497535,
LVEtransmission955,51.997444,4.3546908,
LVEtransmission956,51.997418,4.3538548,
LVEtransmission957,51.9983489,4.3524141,
LVEtransmission958,51.9988923,4.3510192,
LVEtransmission959,51.9971095,4.3532228,
LVEtransmission960,51.9990883,4.3527148,
LVEtransmission961,51.9992692,4.3497237,
LVEtransmission962,51.9974261,4.354649,
LVEtransmission963,51.9979977,4.3497739,
LVEtransmission964,51.9977281,4.3519919,
LVEtransmission965,51.9977616,4.3528702,
LVEtransmission966,51.9977924,4.3528544,
LVEtransmission967,51.9983598,4.3536619,
LVEtransmission968,51.9978657,4.3497821,
LVEtransmission969,51.9971436,4.3534243,
LVEtransmission970,51.997003,4.3526803,
LVEtransmission971,51.9978202,4.3527953,
LVEtransmission972,51.9996639,4.3531649,
LVEtransmission973,51.9991744,4.3535342,
LVEtransmission974,51.9978214,4.3528023,
LVEtransmission975,51.9983598,4.3524919,
LVEtransmission976,51.9973955,4.3504568,
LVEtransmission977,51.9969911,4.3526212,
LVEtransmission978,51.9968099,4.3515992,
LVEtransmission979,51.9973839,4.35453,
LVEtransmission980,51.996631,4.3505903,
LVEtransmission981,51.9969169,4.3521867,
LVEtransmission982,51.9966918,4.350231,
LVEtransmission983,51.9978382,4.3528307,
LVEtransmission984,51.9981196,4.3517248,
LVEtransmission985,51.9985753,4.35362,
LVEtransmission986,51.9967018,4.3500315,
LVEtransmission987,51.9978628,4.3527728,
LVEtransmission988,51.9988338,4.3544689,
LVEtransmission989,51.9996119,4.3537525,
LVEtransmission990,51.9991343,4.3529841,
LVEtransmission991,51.9978039,4.3524269,
LVEtransmission992,51.9983508,4.3524409,
LVEtransmission993,51.9975404,4.3545218,
LVEtransmission994,51.9968137,4.3510095,
LVEtransmission995,51.99968,4.3499501,
LVEtransmission996,51.9970643,4.352973,
LVEtransmission997,51.9978346,4.352834,
LVEtransmission998,51.9979967,4.3504135,
LVEtransmission999,51.9984455,4.349455,
LVEtransmission1000,51.9977105,4.3528876,
LVEtransmission1001,51.9977302,4.3528785,
LVEtransmission1002,51.9970235,4.3528026,
LVEtransmission1003,51.998434,4.3494564,
LVEtransmission1004,51.9978888,4.3529,
LVEtransmission1005,51.9985072,4.3538905,
LVEtransmission1006,51.9986169,4.3515156,
LVEtransmission1007,51.9966301,4.3505908,
LVEtransmission1008,51.9978282,4.3528415,
LVEtransmission1009,51.9977784,4.3522718,
LVEtransmission1010,51.9981086,4.3511375,
LVEtransmission1011,51.9975682,4.3510847,
LVEtransmission1012,51.998514,4.3536208,
LVEtransmission1013,51.9968511,4.3509923,
LVEtransmission1014,51.9967544,4.3513034,
LVEtransmission1015,51.9974068,4.3546116,
LVEtransmission1016,51.9986771,4.3498057,
LVEtransmission1017,51.9966988,4.3502731,
LVEtransmission1018,51.99853,4.3495766,
LVEtransmission1019,51.9991619,4.3534721,
LVEtransmission1020,51.998359,4.3524936,
LVEtransmission1021,51.9980846,4.3513956,
LVEtransmission1022,51.996981,4.3525616,
LVEtransmission1023,51.997357,4.3543914,
LVEtransmission1024,51.999411,4.354256,
LVEtransmission1025,51.9997729,4.3537078,
LVEtransmission1026,51.9974619,4.3503185,
LVEtransmission1027,51.9966019,4.3504437,
LVEtransmission1028,51.9991488,4.3534623,
LVEtransmission1029,51.9975477,4.3545615,
LVEtransmission1030,51.9967655,4.3513588,
LVEtransmission1031,51.9989949,4.3517061,
LVEtransmission1032,51.9978514,4.3526957,
LVEtransmission1033,51.9972058,4.3537488,
LVEtransmission1034,51.9978279,4.3528401,
LVEtransmission1035,51.9974055,4.3546136,
LVEtransmission1036,51.9971077,4.3532282,
LVEtransmission1037,51.9969385,4.3501145,
LVEtransmission1038,51.998354,4.3524546,
LVEtransmission1039,51.9980119,4.3497572,
LVEtransmission1040,51.9979209,4.3530772,
LVEtransmission1041,51.9989303,4.353519,
LVEtransmission1042,51.9977881,4.3523429,
LVEtransmission1043,51.9981263,4.3517899,
LVEtransmission1044,51.9991896,4.3535386,
LVEtransmission1045,51.9995083,4.3499972,
LVEtransmission1046,51.9977716,4.3532558,
LVEtransmission1047,51.9984894,4.3495896,
LVEtransmission1048,51.996851,4.351127,
LVEtransmission1049,51.9984091,4.3511209,
LVEtransmission1050,51.9978604,4.349749,
LVEtransmission1051,51.9973948,4.3545956,
LVEtransmission1052,51.997944,4.3532007,
LVEtransmission1053,51.9994934,4.3537815,
LVEtransmission1054,51.9992873,4.3499949,
LVEtransmission1055,51.9983548,4.3524536,
LVEtransmission1056,51.9991964,4.3536029,
LVEtransmission1057,51.9970355,4.3528634,
LVEtransmission1058,51.9983272,4.3527861,
LVEtransmission1059,51.9993219,4.3532517,
LVEtransmission1060,51.996916,4.352187,
LVEtransmission1061,51.9986491,4.3524164,
LVEtransmission1062,51.9990149,4.3534971,
LVEtransmission1063,51.9966715,4.3502467,
LVEtransmission1064,51.9977302,4.3528831,
LVEtransmission1065,51.9979396,4.3497772,
LVEtransmission1066,51.9976083,4.3513132,
LVEtransmission1067,51.9992183,4.3534391,
LVEtransmission1068,51.9977682,4.3522253,
LVEtransmission1069,51.998636,4.3500089,
LVEtransmission1070,51.9975906,4.3501632,
LVEtransmission1071,51.9987067,4.3545037,
LVEtransmission1072,51.9980528,4.353739,
LVEtransmission1073,51.9966408,4.3502648,
LVEtransmission1074,51.9986644,4.3545153,
LVEtransmission1075,51.9978479,4.3504204,
LVEtransmission1076,51.9983687,4.3511321,
LVEtransmission1077,51.9984899,4.3510987,
LVEtransmission1078,51.9973693,4.3544628,
LVEtransmission1079,51.9990033,4.3544225,
LVEtransmission1080,51.9985985,4.351392,
LVEtransmission1081,51.9985082,4.3538901,
LVEtransmission1082,51.9978385,4.3528101,
LVEtransmission1083,51.9975651,4.3510777,
LVEtransmission1084,51.9978325,4.3497569,
LVEtransmission1085,51.9967179,4.350383,
LVEtransmission1086,51.9974807,4.3499896,
LVEtransmission1087,51.9989202,4.3527706,
LVEtransmission1088,51.9986303,4.3495417,
LVEtransmission1089,51.9965943,4.3503946,
LVEtransmission1090,51.9969494,4.3512233,
LVEtransmission1091,51.9966414,4.3506396,
LVEtransmission1092,51.9978076,4.3534539,
LVEtransmission1093,51.9983906,4.3514492,
LVEtransmission1094,51.9982943,4.3523886,
LVEtransmission1095,51.9982876,4.3523242,
LVEtransmission1096,51.9978557,4.3537179,
LVEtransmission1097,51.9987612,4.3535644,
LVEtransmission1098,51.9979184,4.3493428,
LVEtransmission1099,51.9986858,4.3535874,
LVEtransmission1100,51.9986443,4.3518037,
LVEtransmission1101,51.9978217,4.3496474,
LVEtransmission1102,51.9977017,4.3528813,
LVEtransmission1103,51.9980022,4.3504672,
LVEtransmission1104,51.999112,4.3497698,
LVEtransmission1105,51.998882,4.3509506,
LVEtransmission1106,51.9966103,4.3504928,
LVEtransmission1107,51.9978387,4.3526227,
LVEtransmission1108,51.9976913,4.3517817,
LVEtransmission1109,51.9983141,4.3526612,
LVEtransmission1110,51.9978368,4.3528052,
LVEtransmission1111,51.9981986,4.3496723,
LVEtransmission1112,51.9988307,4.3506071,
LVEtransmission1113,51.997144,4.3500175,
LVEtransmission1114,51.9983543,4.352453,
LVEtransmission1115,51.9973836,4.3546417,
LVEtransmission1116,51.9979882,4.3534531,
LVEtransmission1117,51.9988133,4.3498272,
LVEtransmission1118,51.9986314,4.3536022,
LVEtransmission1119,51.9969702,4.3512448,
LVEtransmission1120,51.9977661,4.3522018,
LVEtransmission1121,51.9972449,4.353911,
LVEtransmission1122,51.9975898,4.3512173,
LVEtransmission1123,52.0001788,4.34981,
LVEtransmission1124,51.9971734,4.3535768,
LVEtransmission1125,51.9985275,4.3495817,
LVEtransmission1126,51.9968689,4.3519243,
LVEtransmission1127,51.9978877,4.3504434,
LVEtransmission1128,51.9985708,4.3510764,
LVEtransmission1129,51.9982658,4.3514835,
LVEtransmission1130,51.9984416,4.3524731,
LVEtransmission1131,51.9997327,4.3532018,
LVEtransmission1132,51.9965566,4.3500302,
LVEtransmission1133,51.9968214,4.351454,
LVEtransmission1134,51.9989449,4.3517209,
LVEtransmission1135,51.9973591,4.3543874,
LVEtransmission1136,51.9971005,4.3553809,
LVEtransmission1137,51.9974544,4.3507856,
LVEtransmission1138,51.9970869,4.3530979,
LVEtransmission1139,51.9977413,4.3520617,
LVEtransmission1140,51.9969801,4.3525619,
LVEtransmission1141,51.9985698,4.3495667,
LVEtransmission1142,51.9968372,4.3511421,
LVEtransmission1143,52.0002683,4.3497682,
LVEtransmission1144,51.9985373,4.3545501,
LVEtransmission1145,51.9978371,4.3526233,
LVEtransmission1146,51.9974657,4.3546016,
LVEtransmission1147,51.9978282,4.3496441,
LVEtransmission1148,51.9970548,4.3529545,
LVEtransmission1149,51.9982473,4.3519373,
LVEtransmission1150,51.9978126,4.3524831,
LVEtransmission1151,51.9977927,4.3528558,
LVEtransmission1152,51.9980783,4.3513356,
LVEtransmission1153,51.9971089,4.3532246,
LVEtransmission1154,51.9973392,4.3535951,
LVEtransmission1155,51.9986793,4.353944,
LVEtransmission1156,51.9970555,4.3529536,
LVEtransmission1157,51.9975674,4.3510699,
LVEtransmission1158,51.996986,4.3525419,
LVEtransmission1159,51.9985533,4.3529166,
LVEtransmission1160,51.9991799,4.3534499,
LVEtransmission1161,51.9971112,4.3532009,
LVEtransmission1162,51.9975399,4.3509447,
LVEtransmission1163,51.997124,4.3533047,
LVEtransmission1164,51.9976136,4.3513517,
LVEtransmission1165,51.997068,4.3530229,
LVEtransmission1166,51.9974583,4.3538796,
LVEtransmission1167,51.9969707,4.3512436,
LVEtransmission1168,51.9978214,4.3496439,
LVEtransmission1169,51.9968803,4.3519901,
LVEtransmission1170,51.9969267,4.3522495,
LVEtransmission1171,51.996811,4.3515983,
LVEtransmission1172,51.9999732,4.3498681,
LVEtransmission1173,51.9988717,4.3508819,
LVEtransmission1174,51.9976517,4.3501464,
LVEtransmission1175,51.9984842,4.3518479,
LVEtransmission1176,51.9972142,4.3537851,
LVEtransmission1177,51.998706,4.3506425,
LVEtransmission1178,51.9989436,4.3513627,
LVEtransmission1179,51.9987192,4.3535788,
LVEtransmission1180,51.9968569,4.3518587,
LVEtransmission1181,51.9965918,4.3500487,
LVEtransmission1182,51.9966217,4.3502929,
LVEtransmission1183,51.9983996,4.3536509,
LVEtransmission1184,51.9981146,4.3496947,
LVEtransmission1185,51.9993426,4.3535974,
LVEtransmission1186,51.9978732,4.3498086,
LVEtransmission1187,51.9978604,4.3497231,
LVEtransmission1188,51.998141,4.3515178,
LVEtransmission1189,51.9986454,4.3500721,
LVEtransmission1190,51.9990999,4.3527848,
LVEtransmission1191,51.9974227,4.3546561,
LVEtransmission1192,51.9985905,4.3512647,
LVEtransmission1193,51.9991612,4.3534731,
LVEtransmission1194,51.9978397,4.3528295,
LVEtransmission1195,51.9978206,4.3527981,
LVEtransmission1196,51.9985142,4.3536237,
LVEtransmission1197,51.9984949,4.3545617,
LVEtransmission1198,51.9974713,4.3503707,
LVEtransmission1199,51.9989413,4.3498026,
LVEtransmission1200,51.9988036,4.3535541,
LVEtransmission1201,51.997282,4.3540821,
LVEtransmission1202,51.9975841,4.3511674,
LVEtransmission1203,51.9983655,4.3496234,
LVEtransmission1204,51.9972441,4.3539114,
LVEtransmission1205,51.9997379,4.3532559,
LVEtransmission1206,51.9972684,4.3540512,
LVEtransmission1207,51.9974443,4.3502205,
LVEtransmission1208,51.996774,4.3501922,
LVEtransmission1209,51.9976493,4.3515533,
LVEtransmission1210,51.9993472,4.3534078,
LVEtransmission1211,51.9972734,4.3499675,
LVEtransmission1212,51.9989025,4.3510879,
LVEtransmission1213,51.9967774,4.3514138,
LVEtransmission1214,51.9975911,4.3505235,
LVEtransmission1215,51.9971865,4.3536553,
LVEtransmission1216,51.9995513,4.3499854,
LVEtransmission1217,51.9986854,4.353589,
LVEtransmission1218,51.9995361,4.3531532,
LVEtransmission1219,51.9977404,4.352062,
LVEtransmission1220,51.9988409,4.3506758,
LVEtransmission1221,51.9974436,4.3546922,
LVEtransmission1222,51.9975503,4.3505364,
LVEtransmission1223,51.9971071,4.35323,
LVEtransmission1224,51.9982878,4.3511543,
LVEtransmission1225,51.9983289,4.3496328,
LVEtransmission1226,51.998301,4.3524531,
LVEtransmission1227,51.9968684,4.3519244,
LVEtransmission1228,51.99739,4.3546003,
LVEtransmission1229,51.9988061,4.3505262,
LVEtransmission1230,51.9980686,4.3497246,
LVEtransmission1231,51.9968756,4.3532455,
LVEtransmission1232,51.9967784,4.3507212,
LVEtransmission1233,51.9976053,4.3512857,
LVEtransmission1234,51.9999321,4.3498798,
LVEtransmission1235,51.9981688,4.3496784,
LVEtransmission1236,51.9980884,4.3496992,
LVEtransmission1237,51.9970501,4.3555787,
LVEtransmission1238,51.9986644,4.3506543,
LVEtransmission1239,51.9994225,4.3500208,
LVEtransmission1240,51.9967889,4.351469,
LVEtransmission1241,51.9973956,4.3545948,
LVEtransmission1242,51.9985249,4.3524509,
LVEtransmission1243,51.9978417,4.3498458,
LVEtransmission1244,51.9977613,4.3528665,
LVEtransmission1245,51.9986499,4.3524177,
LVEtransmission1246,51.9992435,4.353196,
LVEtransmission1247,51.9994654,4.350009,
LVEtransmission1248,51.9978633,4.3527629,
LVEtransmission1249,51.9988034,4.3539098,
LVEtransmission1250,51.9991342,4.3538186,
LVEtransmission1251,51.9991489,4.3534608,
LVEtransmission1252,51.9992101,4.3537315,
LVEtransmission1253,51.996954,4.3513349,
LVEtransmission1254,51.9983992,4.3524814,
LVEtransmission1255,51.9991319,4.3496931,
LVEtransmission1256,51.9978616,4.3527635,
LVEtransmission1257,51.9992605,4.3496796,
LVEtransmission1258,51.9986532,4.3515056,
LVEtransmission1259,51.9971095,4.3532334,
LVEtransmission1260,51.9981848,4.3492673,
LVEtransmission1261,51.9997218,4.3532864,
LVEtransmission1262,51.9988861,4.353887,
LVEtransmission1263,51.9985792,4.3496299,
LVEtransmission1264,51.9992169,4.3537958,
LVEtransmission1265,51.9975567,4.3510111,
LVEtransmission1266,51.9978619,4.3497375,
LVEtransmission1267,51.9978003,4.352413,
LVEtransmission1268,51.9979555,4.3532625,
LVEtransmission1269,51.9992161,4.3496697,
LVEtransmission1270,51.9967888,4.3514728,
LVEtransmission1271,51.9965248,4.3499484,
LVEtransmission1272,51.999698,4.3532723,
LVEtransmission1273,51.9973188,4.3537634,
LVEtransmission1274,51.999498,4.3531636,
LVEtransmission1275,51.9975803,4.3511504,
LVEtransmission1276,51.996991,4.3526229,
LVEtransmission1277,51.9993335,4.3534068,
LVEtransmission1278,51.9973911,4.3510125,
LVEtransmission1279,51.9989302,4.3535183,
LVEtransmission1280,51.9983882,4.3529621,
LVEtransmission1281,51.9976214,4.3539614,
LVEtransmission1282,51.9989727,4.3535088,
LVEtransmission1283,51.9983338,4.3528486,
LVEtransmission1284,51.997046,4.3529278,
LVEtransmission1285,51.9978485,4.3499085,
LVEtransmission1286,51.9982086,4.349666,
LVEtransmission1287,51.9972562,4.3539813,
LVEtransmission1288,51.998254,4.3520018,
LVEtransmission1289,51.9985838,4.3536195,
LVEtransmission1290,51.9988762,4.3544573,
LVEtransmission1291,51.9980994,4.3515293,
LVEtransmission1292,51.9968726,4.3513408,
LVEtransmission1293,52.0001775,4.3497897,
LVEtransmission1294,51.9978616,4.3527736,
LVEtransmission1295,51.9978495,4.3504531,
LVEtransmission1296,51.9975116,4.3509485,
LVEtransmission1297,51.9984424,4.3494509,
LVEtransmission1298,51.99673,4.3504506,
LVEtransmission1299,51.9978064,4.3504649,
LVEtransmission1300,51.9977125,4.3528883,
LVEtransmission1301,51.999057,4.353484,
LVEtransmission1302,51.9980733,4.349708,
LVEtransmission1303,51.9977759,4.3522728,
LVEtransmission1304,51.9977355,4.3530577,
LVEtransmission1305,51.9980118,4.3535836,
LVEtransmission1306,51.998507,4.3538907,
LVEtransmission1307,51.9967905,4.3507888,
LVEtransmission1308,51.9984442,4.3518589,
LVEtransmission1309,51.9965646,4.3500414,
LVEtransmission1310,51.9966028,4.3504435,
LVEtransmission1311,51.9984707,4.3529394,
LVEtransmission1312,51.9982174,4.3519456,
LVEtransmission1313,51.9965252,4.3499391,
LVEtransmission1314,51.9993446,4.3532645,
LVEtransmission1315,51.9976327,4.3528021,
LVEtransmission1316,51.9978396,4.3528102,
LVEtransmission1317,51.9980247,4.3536505,
LVEtransmission1318,51.9966533,4.3507031,
LVEtransmission1319,51.9978142,4.3524825,
LVEtransmission1320,51.9985946,4.3529053,
LVEtransmission1321,51.9973507,4.3538183,
LVEtransmission1322,51.9969803,4.3525514,
LVEtransmission1323,51.9974712,4.3496983,
LVEtransmission1324,51.9970692,4.3530209,
LVEtransmission1325,51.9976998,4.3528619,
LVEtransmission1326,51.9975038,4.3509541,
LVEtransmission1327,51.9986525,4.3535974,
LVEtransmission1328,51.9976374,4.3514861,
LVEtransmission1329,51.9978276,4.3525613,
LVEtransmission1330,51.9967421,4.3505182,
LVEtransmission1331,51.9989432,4.3527643,
LVEtransmission1332,51.9968095,4.3515992,
LVEtransmission1333,51.999057,4.3534837,
LVEtransmission1334,51.9977115,4.3529257,
LVEtransmission1335,51.9972566,4.3499628,
LVEtransmission1336,51.9973242,4.3536093,
LVEtransmission1337,51.9985208,4.3495405,
LVEtransmission1338,51.9969124,4.351242,
LVEtransmission1339,51.997851,4.3526928,
LVEtransmission1340,51.9966961,4.3500222,
LVEtransmission1341,51.9989185,4.3544457,
LVEtransmission1342,51.9976342,4.3505118,
LVEtransmission1343,51.9987189,4.353576,
LVEtransmission1344,51.9978493,4.3526934,
LVEtransmission1345,51.9983657,4.3496248,
LVEtransmission1346,51.9992809,4.3499336,
LVEtransmission1347,51.9973916,4.3545987,
LVEtransmission1348,51.9998499,4.349903,
LVEtransmission1349,51.9978666,4.349799,
LVEtransmission1350,51.9966576,4.3500398,
LVEtransmission1351,51.9983291,4.3496342,
LVEtransmission1352,51.9986758,4.3517211,
LVEtransmission1353,51.9976442,4.3528668,
LVEtransmission1354,51.9978411,4.3528232,
LVEtransmission1355,51.9974322,4.3506618,
LVEtransmission1356,51.9976408,4.3528706,
LVEtransmission1357,51.9991378,4.3535531,
LVEtransmission1358,51.9978265,4.3525526,
LVEtransmission1359,51.9979143,4.3497955,
LVEtransmission1360,51.9977235,4.3529917,
LVEtransmission1361,51.9973355,4.354373,
LVEtransmission1362,51.9972719,4.3540647,
LVEtransmission1363,51.9979548,4.3497842,
LVEtransmission1364,51.9985382,4.34958,
LVEtransmission1365,51.9984809,4.3536279,
LVEtransmission1366,51.9967058,4.3503153,
LVEtransmission1367,51.9995717,4.3537637,
LVEtransmission1368,51.9977992,4.3494443,
LVEtransmission1369,51.9984492,4.349601,
LVEtransmission1370,51.997125,4.3532154,
LVEtransmission1371,51.9972812,4.3540829,
LVEtransmission1372,51.9969588,4.3524369,
LVEtransmission1373,51.9973806,4.3545306,
LVEtransmission1374,51.9976171,4.3539675,
LVEtransmission1375,51.9974734,4.3502129,
LVEtransmission1376,51.9970809,4.3530922,
LVEtransmission1377,51.9974249,4.3546514,
LVEtransmission1378,51.9986496,4.3496507,
LVEtransmission1379,51.9994212,4.3533526,
LVEtransmission1380,51.99824,4.349659,
LVEtransmission1381,51.99832,4.353673,
LVEtransmission1382,51.997372,4.3544655,
LVEtransmission1383,51.9992582,4.349658,
LVEtransmission1384,52.0001377,4.3498216,
LVEtransmission1385,51.9981813,4.3519088,
LVEtransmission1386,51.9968799,4.351369,
LVEtransmission1387,51.9970127,4.3527398,
LVEtransmission1388,51.9997456,4.3533006,
LVEtransmission1389,51.9985489,4.3536194,
LVEtransmission1390,51.9995743,4.3531429,
LVEtransmission1391,51.9970241,4.3527994,
LVEtransmission1392,51.9993573,4.3537406,
LVEtransmission1393,51.9989231,4.3512253,
LVEtransmission1394,51.997859,4.3527835,
LVEtransmission1395,51.9974598,4.349775,
LVEtransmission1396,51.9977537,4.3521317,
LVEtransmission1397,51.9972994,4.3541714,
LVEtransmission1398,51.9975375,4.3509414,
LVEtransmission1399,51.9987613,4.3535657,
LVEtransmission1400,51.9970468,4.3529293,
LVEtransmission1401,51.9968474,4.3516694,
LVEtransmission1402,51.9980728,4.3497066,
LVEtransmission1403,51.9994209,4.3533512,
LVEtransmission1404,51.9968755,4.3512637,
LVEtransmission1405,51.9975924,4.3512161,
LVEtransmission1406,51.9997275,4.3531477,
LVEtransmission1407,52.0000965,4.3498332,
LVEtransmission1408,51.9976289,4.3514317,
LVEtransmission1409,51.9993977,4.3541292,
LVEtransmission1410,51.9980887,4.3497006,
LVEtransmission1411,51.9973012,4.3499865,
LVEtransmission1412,51.9968809,4.3519899,
LVEtransmission1413,51.9983237,4.3496353,
LVEtransmission1414,51.9980682,4.3497232,
LVEtransmission1415,51.9984495,4.3511098,
LVEtransmission1416,51.9977773,4.3522723,
LVEtransmission1417,51.9992914,4.353178,
LVEtransmission1418,51.9970929,4.3554224,
LVEtransmission1419,51.9986683,4.3516493,
LVEtransmission1420,51.9978256,4.349701,
LVEtransmission1421,51.9978019,4.3524124,
LVEtransmission1422,51.997871,4.3497202,
LVEtransmission1423,51.997496,4.350489,
LVEtransmission1424,51.9971209,4.353297,
LVEtransmission1425,51.9976485,4.3529127,
LVEtransmission1426,51.9966644,4.350767,
substation_poptahofzuid,51.999261,4.353322,
