File,Component,Impact Category,Amount,Unit
bill_of_materials.csv,LV electricity distribution main,Acidification,371.7567969144435,mol H+-Eq
bill_of_materials.csv,LV electricity distribution main,Climate change,39175.839173947184,kg CO2-Eq
bill_of_materials.csv,LV electricity distribution main,Climate change: biogenic,71.29788872897045,kg CO2-Eq
bill_of_materials.csv,LV electricity distribution main,Climate change: fossil,39017.13938263159,kg CO2-Eq
bill_of_materials.csv,LV electricity distribution main,Climate change: land use and land use change,87.40190258662098,kg CO2-Eq
bill_of_materials.csv,LV electricity distribution main,Ecotoxicity: freshwater,2363391.3556092796,CTUe
bill_of_materials.csv,LV electricity distribution main,"Ecotoxicity: freshwater, inorganics",191165.18656793793,CTUe
bill_of_materials.csv,LV electricity distribution main,"Ecotoxicity: freshwater, metals",2168394.1225555753,CTUe
bill_of_materials.csv,LV electricity distribution main,"Ecotoxicity: freshwater, organics",3832.04648576919,CTUe
bill_of_materials.csv,LV electricity distribution main,Energy resources: non-renewable,476319.73909721815,"MJ, net calorific value"
bill_of_materials.csv,LV electricity distribution main,Eutrophication: freshwater,21.04049232720525,kg P-Eq
bill_of_materials.csv,LV electricity distribution main,Eutrophication: marine,54.09399445213794,kg N-Eq
bill_of_materials.csv,LV electricity distribution main,Eutrophication: terrestrial,595.5424877904599,mol N-Eq
bill_of_materials.csv,LV electricity distribution main,Human toxicity: carcinogenic,3.295177280930065e-05,CTUh
bill_of_materials.csv,LV electricity distribution main,"Human toxicity: carcinogenic, inorganics",0.0,CTUh
bill_of_materials.csv,LV electricity distribution main,"Human toxicity: carcinogenic, metals",1.7856420532319975e-05,CTUh
bill_of_materials.csv,LV electricity distribution main,"Human toxicity: carcinogenic, organics",1.5095352276980665e-05,CTUh
bill_of_materials.csv,LV electricity distribution main,Human toxicity: non-carcinogenic,0.0019234744272530497,CTUh
bill_of_materials.csv,LV electricity distribution main,"Human toxicity: non-carcinogenic, inorganics",0.00020911533244594217,CTUh
bill_of_materials.csv,LV electricity distribution main,"Human toxicity: non-carcinogenic, metals",0.0016184758683766719,CTUh
bill_of_materials.csv,LV electricity distribution main,"Human toxicity: non-carcinogenic, organics",0.00010052007857441738,CTUh
bill_of_materials.csv,LV electricity distribution main,Ionising radiation: human health,1321.372248861463,kBq U235-Eq
bill_of_materials.csv,LV electricity distribution main,Land use,262236.5987812906,dimensionless
bill_of_materials.csv,LV electricity distribution main,Material resources: metals/minerals,1.8666205618298541,kg Sb-Eq
bill_of_materials.csv,LV electricity distribution main,Ozone depletion,0.0003845738564019668,kg CFC-11-Eq
bill_of_materials.csv,LV electricity distribution main,Particulate matter formation,0.003685213634346099,disease incidence
bill_of_materials.csv,LV electricity distribution main,Photochemical oxidant formation: human health,193.3123138342534,kg NMVOC-Eq
bill_of_materials.csv,LV electricity distribution main,Water use,17667.31911470549,m3 world Eq deprived
bill_of_materials.csv,LV electricity distribution secondary,Acidification,30.315945278103374,mol H+-Eq
bill_of_materials.csv,LV electricity distribution secondary,Climate change,4650.408225014429,kg CO2-Eq
bill_of_materials.csv,LV electricity distribution secondary,Climate change: biogenic,5.966829004776527,kg CO2-Eq
bill_of_materials.csv,LV electricity distribution secondary,Climate change: fossil,4633.280005208553,kg CO2-Eq
bill_of_materials.csv,LV electricity distribution secondary,Climate change: land use and land use change,11.161390801099545,kg CO2-Eq
bill_of_materials.csv,LV electricity distribution secondary,Ecotoxicity: freshwater,144417.14637967607,CTUe
bill_of_materials.csv,LV electricity distribution secondary,"Ecotoxicity: freshwater, inorganics",8150.314095472724,CTUe
bill_of_materials.csv,LV electricity distribution secondary,"Ecotoxicity: freshwater, metals",135812.26252774164,CTUe
bill_of_materials.csv,LV electricity distribution secondary,"Ecotoxicity: freshwater, organics",454.5697564617557,CTUe
bill_of_materials.csv,LV electricity distribution secondary,Energy resources: non-renewable,53041.81747655358,"MJ, net calorific value"
bill_of_materials.csv,LV electricity distribution secondary,Eutrophication: freshwater,1.257335407453278,kg P-Eq
bill_of_materials.csv,LV electricity distribution secondary,Eutrophication: marine,5.883933333741405,kg N-Eq
bill_of_materials.csv,LV electricity distribution secondary,Eutrophication: terrestrial,62.33033740870503,mol N-Eq
bill_of_materials.csv,LV electricity distribution secondary,Human toxicity: carcinogenic,2.5174645323777324e-06,CTUh
bill_of_materials.csv,LV electricity distribution secondary,"Human toxicity: carcinogenic, inorganics",0.0,CTUh
bill_of_materials.csv,LV electricity distribution secondary,"Human toxicity: carcinogenic, metals",5.304563665420103e-07,CTUh
bill_of_materials.csv,LV electricity distribution secondary,"Human toxicity: carcinogenic, organics",1.9870081658357213e-06,CTUh
bill_of_materials.csv,LV electricity distribution secondary,Human toxicity: non-carcinogenic,6.251354734470893e-05,CTUh
bill_of_materials.csv,LV electricity distribution secondary,"Human toxicity: non-carcinogenic, inorganics",2.600803573384671e-05,CTUh
bill_of_materials.csv,LV electricity distribution secondary,"Human toxicity: non-carcinogenic, metals",3.5532216373691145e-05,CTUh
bill_of_materials.csv,LV electricity distribution secondary,"Human toxicity: non-carcinogenic, organics",1.4987695598344729e-06,CTUh
bill_of_materials.csv,LV electricity distribution secondary,Ionising radiation: human health,92.68330537044126,kBq U235-Eq
bill_of_materials.csv,LV electricity distribution secondary,Land use,22839.527886918164,dimensionless
bill_of_materials.csv,LV electricity distribution secondary,Material resources: metals/minerals,0.014371662706505643,kg Sb-Eq
bill_of_materials.csv,LV electricity distribution secondary,Ozone depletion,4.012090260351836e-05,kg CFC-11-Eq
bill_of_materials.csv,LV electricity distribution secondary,Particulate matter formation,0.00042943506932407717,disease incidence
bill_of_materials.csv,LV electricity distribution secondary,Photochemical oxidant formation: human health,20.374844865522142,kg NMVOC-Eq
bill_of_materials.csv,LV electricity distribution secondary,Water use,1793.109997780436,m3 world Eq deprived
bill_of_materials.csv,Low-voltage electricity supply,Acidification,3884.964734099802,mol H+-Eq
bill_of_materials.csv,Low-voltage electricity supply,Climate change,137864.0657208032,kg CO2-Eq
bill_of_materials.csv,Low-voltage electricity supply,Climate change: biogenic,326.4699489153298,kg CO2-Eq
bill_of_materials.csv,Low-voltage electricity supply,Climate change: fossil,137369.7350154454,kg CO2-Eq
bill_of_materials.csv,Low-voltage electricity supply,Climate change: land use and land use change,167.86075644247472,kg CO2-Eq
bill_of_materials.csv,Low-voltage electricity supply,Ecotoxicity: freshwater,34767046.817105755,CTUe
bill_of_materials.csv,Low-voltage electricity supply,"Ecotoxicity: freshwater, inorganics",3545343.468424174,CTUe
bill_of_materials.csv,Low-voltage electricity supply,"Ecotoxicity: freshwater, metals",31153401.490126334,CTUe
bill_of_materials.csv,Low-voltage electricity supply,"Ecotoxicity: freshwater, organics",68301.8585552748,CTUe
bill_of_materials.csv,Low-voltage electricity supply,Energy resources: non-renewable,1793194.3510491927,"MJ, net calorific value"
bill_of_materials.csv,Low-voltage electricity supply,Eutrophication: freshwater,320.3148876429888,kg P-Eq
bill_of_materials.csv,Low-voltage electricity supply,Eutrophication: marine,254.84971358168016,kg N-Eq
bill_of_materials.csv,Low-voltage electricity supply,Eutrophication: terrestrial,3247.8268175488965,mol N-Eq
bill_of_materials.csv,Low-voltage electricity supply,Human toxicity: carcinogenic,0.0004546883034340925,CTUh
bill_of_materials.csv,Low-voltage electricity supply,"Human toxicity: carcinogenic, inorganics",0.0,CTUh
bill_of_materials.csv,Low-voltage electricity supply,"Human toxicity: carcinogenic, metals",0.0003756154762912769,CTUh
bill_of_materials.csv,Low-voltage electricity supply,"Human toxicity: carcinogenic, organics",7.907282714281562e-05,CTUh
bill_of_materials.csv,Low-voltage electricity supply,Human toxicity: non-carcinogenic,0.04003075242701538,CTUh
bill_of_materials.csv,Low-voltage electricity supply,"Human toxicity: non-carcinogenic, inorganics",0.00241324060366308,CTUh
bill_of_materials.csv,Low-voltage electricity supply,"Human toxicity: non-carcinogenic, metals",0.03533170947932084,CTUh
bill_of_materials.csv,Low-voltage electricity supply,"Human toxicity: non-carcinogenic, organics",0.0023026434372451746,CTUh
bill_of_materials.csv,Low-voltage electricity supply,Ionising radiation: human health,11790.303187924928,kBq U235-Eq
bill_of_materials.csv,Low-voltage electricity supply,Land use,1402023.8482475278,dimensionless
bill_of_materials.csv,Low-voltage electricity supply,Material resources: metals/minerals,45.5273601436304,kg Sb-Eq
bill_of_materials.csv,Low-voltage electricity supply,Ozone depletion,0.0016711214992963489,kg CFC-11-Eq
bill_of_materials.csv,Low-voltage electricity supply,Particulate matter formation,0.01819564297342251,disease incidence
bill_of_materials.csv,Low-voltage electricity supply,Photochemical oxidant formation: human health,994.3125595470823,kg NMVOC-Eq
bill_of_materials.csv,Low-voltage electricity supply,Water use,71497.76003691116,m3 world Eq deprived
bill_of_materials.csv,Air-to-air heat pump,Acidification,21113.125264232578,mol H+-Eq
bill_of_materials.csv,Air-to-air heat pump,Climate change,64540708.050578654,kg CO2-Eq
bill_of_materials.csv,Air-to-air heat pump,Climate change: biogenic,5745.129398000141,kg CO2-Eq
bill_of_materials.csv,Air-to-air heat pump,Climate change: fossil,64532622.3746817,kg CO2-Eq
bill_of_materials.csv,Air-to-air heat pump,Climate change: land use and land use change,2340.5464989586776,kg CO2-Eq
bill_of_materials.csv,Air-to-air heat pump,Ecotoxicity: freshwater,170716204.76348248,CTUe
bill_of_materials.csv,Air-to-air heat pump,"Ecotoxicity: freshwater, inorganics",19323380.19897387,CTUe
bill_of_materials.csv,Air-to-air heat pump,"Ecotoxicity: freshwater, metals",150972031.16736847,CTUe
bill_of_materials.csv,Air-to-air heat pump,"Ecotoxicity: freshwater, organics",420793.3971400051,CTUe
bill_of_materials.csv,Air-to-air heat pump,Energy resources: non-renewable,45426532.096690364,"MJ, net calorific value"
bill_of_materials.csv,Air-to-air heat pump,Eutrophication: freshwater,1707.9717162059596,kg P-Eq
bill_of_materials.csv,Air-to-air heat pump,Eutrophication: marine,3145.3283200554847,kg N-Eq
bill_of_materials.csv,Air-to-air heat pump,Eutrophication: terrestrial,34201.86445230277,mol N-Eq
bill_of_materials.csv,Air-to-air heat pump,Human toxicity: carcinogenic,0.004641030596188359,CTUh
bill_of_materials.csv,Air-to-air heat pump,"Human toxicity: carcinogenic, inorganics",0.0,CTUh
bill_of_materials.csv,Air-to-air heat pump,"Human toxicity: carcinogenic, metals",0.0015006179322264804,CTUh
bill_of_materials.csv,Air-to-air heat pump,"Human toxicity: carcinogenic, organics",0.0031404126639618807,CTUh
bill_of_materials.csv,Air-to-air heat pump,Human toxicity: non-carcinogenic,0.14578387906939977,CTUh
bill_of_materials.csv,Air-to-air heat pump,"Human toxicity: non-carcinogenic, inorganics",0.03642956694381779,CTUh
bill_of_materials.csv,Air-to-air heat pump,"Human toxicity: non-carcinogenic, metals",0.10325288887683041,CTUh
bill_of_materials.csv,Air-to-air heat pump,"Human toxicity: non-carcinogenic, organics",0.006527078511654633,CTUh
bill_of_materials.csv,Air-to-air heat pump,Ionising radiation: human health,161985.46156639047,kBq U235-Eq
bill_of_materials.csv,Air-to-air heat pump,Land use,13289705.7081801,dimensionless
bill_of_materials.csv,Air-to-air heat pump,Material resources: metals/minerals,114.02952613424767,kg Sb-Eq
bill_of_materials.csv,Air-to-air heat pump,Ozone depletion,34.79169217719451,kg CFC-11-Eq
bill_of_materials.csv,Air-to-air heat pump,Particulate matter formation,0.24933391762693485,disease incidence
bill_of_materials.csv,Air-to-air heat pump,Photochemical oxidant formation: human health,13477.058789796913,kg NMVOC-Eq
bill_of_materials.csv,Air-to-air heat pump,Water use,1250046.471582874,m3 world Eq deprived
